endpoint	endpoint_label	match_scope	match_scope_label	top_type	cutoff	ranking_method	ranking_label	ranking_column	ranking_direction	n_patients	median_delta_hit_rate_vs_ic50	mean_delta_hit_rate_vs_ic50	median_delta_hits_vs_ic50	sum_delta_hits_vs_ic50	patients_better_than_ic50	patients_same_as_ic50	patients_worse_than_ic50	median_method_hit_rate	median_ic50_hit_rate
broad_supportive	Broad supportive evidence	exact_peptide	Exact peptide	percent	10	borda	Borda	Borda_Rank	lower_better	30	0.0	0.002515357020000982	0.0	0	3	25	2	0.0	0.0
broad_supportive	Broad supportive evidence	exact_peptide	Exact peptide	percent	10	depmap_survivability	DepMap survivability	Depmap_survivability_score	lower_better	30	0.0	0.017515357020000986	0.0	2	6	22	2	0.0	0.0
broad_supportive	Broad supportive evidence	exact_peptide	Exact peptide	percent	10	net_betweenness	Network betweenness	Net_Betweenness	higher_better	30	0.0	-0.005905695611577965	0.0	-2	1	27	2	0.0	0.0
broad_supportive	Broad supportive evidence	exact_peptide	Exact peptide	percent	10	net_degree	Network degree	Net_Degree	higher_better	30	0.0	-0.001143790849673203	0.0	-1	2	26	2	0.0	0.0
broad_supportive	Broad supportive evidence	exact_peptide	Exact peptide	percent	10	net_impact	Network impact	Net_Impact	higher_better	30	0.0	-0.001143790849673203	0.0	-1	2	26	2	0.0	0.0
broad_supportive	Broad supportive evidence	exact_peptide	Exact peptide	percent	10	net_strength	Network strength	Net_Strength	higher_better	30	0.0	-0.001143790849673203	0.0	-1	2	26	2	0.0	0.0
broad_supportive	Broad supportive evidence	exact_peptide	Exact peptide	percent	10	net_wci	Network WCI	Net_WCI	higher_better	30	0.0	-0.0020930594460006227	0.0	0	3	25	2	0.0	0.0
broad_supportive	Broad supportive evidence	exact_peptide	Exact peptide	percent	10	tumor_dna_vaf	Tumor DNA VAF	Tumor DNA VAF	higher_better	30	0.0	0.0006520385932150643	0.0	-1	3	25	2	0.0	0.0
broad_supportive	Broad supportive evidence	exact_peptide	Exact peptide	percent	20	borda	Borda	Borda_Rank	lower_better	30	0.0	0.0007563559034147258	0.0	-2	4	23	3	0.0	0.0
broad_supportive	Broad supportive evidence	exact_peptide	Exact peptide	percent	20	depmap_survivability	DepMap survivability	Depmap_survivability_score	lower_better	30	0.0	0.01120453517512341	0.0	0	8	19	3	0.0	0.0
broad_supportive	Broad supportive evidence	exact_peptide	Exact peptide	percent	20	net_betweenness	Network betweenness	Net_Betweenness	higher_better	30	0.0	8.08015513897857e-05	0.0	-3	4	23	3	0.0	0.0
broad_supportive	Broad supportive evidence	exact_peptide	Exact peptide	percent	20	net_degree	Network degree	Net_Degree	higher_better	30	0.0	0.007950693097751921	0.0	-1	6	21	3	0.0	0.0
broad_supportive	Broad supportive evidence	exact_peptide	Exact peptide	percent	20	net_impact	Network impact	Net_Impact	higher_better	30	0.0	0.0057528908999497225	0.0	-1	5	22	3	0.0	0.0
broad_supportive	Broad supportive evidence	exact_peptide	Exact peptide	percent	20	net_strength	Network strength	Net_Strength	higher_better	30	0.0	0.0057528908999497225	0.0	-1	5	22	3	0.0	0.0
broad_supportive	Broad supportive evidence	exact_peptide	Exact peptide	percent	20	net_wci	Network WCI	Net_WCI	higher_better	30	0.0	0.005501568148626972	0.0	1	5	22	3	0.0	0.0
broad_supportive	Broad supportive evidence	exact_peptide	Exact peptide	percent	20	tumor_dna_vaf	Tumor DNA VAF	Tumor DNA VAF	higher_better	30	0.0	-0.0051091936386054035	0.0	-4	4	22	4	0.0	0.0
broad_supportive	Broad supportive evidence	exact_peptide	Exact peptide	percent	30	borda	Borda	Borda_Rank	lower_better	30	0.0	0.006182785640608698	0.0	0	7	19	4	0.0	0.0
broad_supportive	Broad supportive evidence	exact_peptide	Exact peptide	percent	30	depmap_survivability	DepMap survivability	Depmap_survivability_score	lower_better	30	0.0	0.006624910463919751	0.0	-1	7	20	3	0.0	0.0
broad_supportive	Broad supportive evidence	exact_peptide	Exact peptide	percent	30	net_betweenness	Network betweenness	Net_Betweenness	higher_better	30	0.0	0.0035106907117689657	0.0	-2	6	19	5	0.0	0.0
broad_supportive	Broad supportive evidence	exact_peptide	Exact peptide	percent	30	net_degree	Network degree	Net_Degree	higher_better	30	0.0	0.008339648385706737	0.0	2	7	19	4	0.0	0.0
broad_supportive	Broad supportive evidence	exact_peptide	Exact peptide	percent	30	net_impact	Network impact	Net_Impact	higher_better	30	0.0	0.006915950251482286	0.0	1	7	18	5	0.0	0.0
broad_supportive	Broad supportive evidence	exact_peptide	Exact peptide	percent	30	net_strength	Network strength	Net_Strength	higher_better	30	0.0	0.0059900243255563606	0.0	0	7	18	5	0.0	0.0
broad_supportive	Broad supportive evidence	exact_peptide	Exact peptide	percent	30	net_wci	Network WCI	Net_WCI	higher_better	30	0.0	0.006876703783664391	0.0	1	7	18	5	0.0	0.0
broad_supportive	Broad supportive evidence	exact_peptide	Exact peptide	percent	30	tumor_dna_vaf	Tumor DNA VAF	Tumor DNA VAF	higher_better	30	0.0	0.00316663871617432	0.0	-1	6	20	4	0.0	0.0
broad_supportive	Broad supportive evidence	exact_peptide	Exact peptide	percent	40	borda	Borda	Borda_Rank	lower_better	30	0.0	0.0029571469134739015	0.0	1	5	21	4	0.0	0.0
broad_supportive	Broad supportive evidence	exact_peptide	Exact peptide	percent	40	depmap_survivability	DepMap survivability	Depmap_survivability_score	lower_better	30	0.0	0.00543819734377726	0.0	1	6	20	4	0.005555555555555556	0.0
broad_supportive	Broad supportive evidence	exact_peptide	Exact peptide	percent	40	net_betweenness	Network betweenness	Net_Betweenness	higher_better	30	0.0	0.0031620788069839085	0.0	-3	6	19	5	0.0	0.0
broad_supportive	Broad supportive evidence	exact_peptide	Exact peptide	percent	40	net_degree	Network degree	Net_Degree	higher_better	30	0.0	0.00370401786158324	0.0	1	4	22	4	0.0	0.0
broad_supportive	Broad supportive evidence	exact_peptide	Exact peptide	percent	40	net_impact	Network impact	Net_Impact	higher_better	30	0.0	0.0026751783934446474	0.0	1	4	22	4	0.0	0.0
broad_supportive	Broad supportive evidence	exact_peptide	Exact peptide	percent	40	net_strength	Network strength	Net_Strength	higher_better	30	0.0	0.003299291868621953	0.0	1	4	21	5	0.0	0.0
broad_supportive	Broad supportive evidence	exact_peptide	Exact peptide	percent	40	net_wci	Network WCI	Net_WCI	higher_better	30	0.0	0.002904219075769326	0.0	1	6	19	5	0.0	0.0
broad_supportive	Broad supportive evidence	exact_peptide	Exact peptide	percent	40	tumor_dna_vaf	Tumor DNA VAF	Tumor DNA VAF	higher_better	30	0.0	0.0014312463783455844	0.0	0	5	21	4	0.0	0.0
broad_supportive	Broad supportive evidence	exact_peptide	Exact peptide	percent	50	borda	Borda	Borda_Rank	lower_better	30	0.0	0.005797570619473627	0.0	6	6	21	3	0.0	0.0
broad_supportive	Broad supportive evidence	exact_peptide	Exact peptide	percent	50	depmap_survivability	DepMap survivability	Depmap_survivability_score	lower_better	30	0.0	0.005944949268753453	0.0	3	6	20	4	0.004464285714285714	0.0
broad_supportive	Broad supportive evidence	exact_peptide	Exact peptide	percent	50	net_betweenness	Network betweenness	Net_Betweenness	higher_better	30	0.0	0.006174974811006668	0.0	1	6	19	5	0.0	0.0
broad_supportive	Broad supportive evidence	exact_peptide	Exact peptide	percent	50	net_degree	Network degree	Net_Degree	higher_better	30	0.0	0.007161110171572501	0.0	5	7	18	5	0.0	0.0
broad_supportive	Broad supportive evidence	exact_peptide	Exact peptide	percent	50	net_impact	Network impact	Net_Impact	higher_better	30	0.0	0.007309244729732166	0.0	6	6	21	3	0.0	0.0
broad_supportive	Broad supportive evidence	exact_peptide	Exact peptide	percent	50	net_strength	Network strength	Net_Strength	higher_better	30	0.0	0.006744272978319737	0.0	5	6	20	4	0.0	0.0
broad_supportive	Broad supportive evidence	exact_peptide	Exact peptide	percent	50	net_wci	Network WCI	Net_WCI	higher_better	30	0.0	0.0037611932758483215	0.0	3	5	21	4	0.0	0.0
broad_supportive	Broad supportive evidence	exact_peptide	Exact peptide	percent	50	tumor_dna_vaf	Tumor DNA VAF	Tumor DNA VAF	higher_better	30	0.0	0.004398685940271971	0.0	2	7	20	3	0.0	0.0
broad_supportive	Broad supportive evidence	exact_peptide	Exact peptide	percent	60	borda	Borda	Borda_Rank	lower_better	30	0.0	0.0035430596395508674	0.0	1	4	22	4	0.0	0.0
broad_supportive	Broad supportive evidence	exact_peptide	Exact peptide	percent	60	depmap_survivability	DepMap survivability	Depmap_survivability_score	lower_better	30	0.0	0.004455149462404212	0.0	1	5	20	5	0.00820820820820821	0.0
broad_supportive	Broad supportive evidence	exact_peptide	Exact peptide	percent	60	net_betweenness	Network betweenness	Net_Betweenness	higher_better	30	0.0	0.002177063720003546	0.0	-5	4	19	7	0.0	0.0
broad_supportive	Broad supportive evidence	exact_peptide	Exact peptide	percent	60	net_degree	Network degree	Net_Degree	higher_better	30	0.0	0.0029940626010557846	0.0	-1	5	19	6	0.0	0.0
broad_supportive	Broad supportive evidence	exact_peptide	Exact peptide	percent	60	net_impact	Network impact	Net_Impact	higher_better	30	0.0	0.005493460699045432	0.0	3	5	20	5	0.0	0.0
broad_supportive	Broad supportive evidence	exact_peptide	Exact peptide	percent	60	net_strength	Network strength	Net_Strength	higher_better	30	0.0	0.005023977130970315	0.0	2	5	20	5	0.0	0.0
broad_supportive	Broad supportive evidence	exact_peptide	Exact peptide	percent	60	net_wci	Network WCI	Net_WCI	higher_better	30	0.0	0.0022211661854084747	0.0	0	5	19	6	0.0	0.0
broad_supportive	Broad supportive evidence	exact_peptide	Exact peptide	percent	60	tumor_dna_vaf	Tumor DNA VAF	Tumor DNA VAF	higher_better	30	0.0	0.0012216796198408644	0.0	-3	4	22	4	0.0	0.0
broad_supportive	Broad supportive evidence	exact_peptide	Exact peptide	topn	10	borda	Borda	Borda_Rank	lower_better	30	0.0	-0.013333333333333332	0.0	-4	2	26	2	0.0	0.0
broad_supportive	Broad supportive evidence	exact_peptide	Exact peptide	topn	10	depmap_survivability	DepMap survivability	Depmap_survivability_score	lower_better	30	0.0	1.8503717077085942e-18	0.0	0	6	22	2	0.0	0.0
broad_supportive	Broad supportive evidence	exact_peptide	Exact peptide	topn	10	net_betweenness	Network betweenness	Net_Betweenness	higher_better	30	0.0	-0.006666666666666665	0.0	-2	3	25	2	0.0	0.0
broad_supportive	Broad supportive evidence	exact_peptide	Exact peptide	topn	10	net_degree	Network degree	Net_Degree	higher_better	30	0.0	0.003333333333333336	0.0	1	6	22	2	0.0	0.0
broad_supportive	Broad supportive evidence	exact_peptide	Exact peptide	topn	10	net_impact	Network impact	Net_Impact	higher_better	30	0.0	0.003333333333333336	0.0	1	6	22	2	0.0	0.0
broad_supportive	Broad supportive evidence	exact_peptide	Exact peptide	topn	10	net_strength	Network strength	Net_Strength	higher_better	30	0.0	0.003333333333333336	0.0	1	6	22	2	0.0	0.0
broad_supportive	Broad supportive evidence	exact_peptide	Exact peptide	topn	10	net_wci	Network WCI	Net_WCI	higher_better	30	0.0	0.003333333333333336	0.0	1	6	22	2	0.0	0.0
broad_supportive	Broad supportive evidence	exact_peptide	Exact peptide	topn	10	tumor_dna_vaf	Tumor DNA VAF	Tumor DNA VAF	higher_better	30	0.0	-0.013333333333333332	0.0	-4	2	26	2	0.0	0.0
broad_supportive	Broad supportive evidence	exact_peptide	Exact peptide	topn	20	borda	Borda	Borda_Rank	lower_better	30	0.0	0.003333333333333334	0.0	2	7	20	3	0.0	0.0
broad_supportive	Broad supportive evidence	exact_peptide	Exact peptide	topn	20	depmap_survivability	DepMap survivability	Depmap_survivability_score	lower_better	30	0.0	0.0	0.0	0	6	22	2	0.0	0.0
broad_supportive	Broad supportive evidence	exact_peptide	Exact peptide	topn	20	net_betweenness	Network betweenness	Net_Betweenness	higher_better	30	0.0	0.0	0.0	0	6	21	3	0.0	0.0
broad_supportive	Broad supportive evidence	exact_peptide	Exact peptide	topn	20	net_degree	Network degree	Net_Degree	higher_better	30	0.0	0.0016666666666666668	0.0	1	5	22	3	0.0	0.0
broad_supportive	Broad supportive evidence	exact_peptide	Exact peptide	topn	20	net_impact	Network impact	Net_Impact	higher_better	30	0.0	-0.0016666666666666663	0.0	-1	5	22	3	0.0	0.0
broad_supportive	Broad supportive evidence	exact_peptide	Exact peptide	topn	20	net_strength	Network strength	Net_Strength	higher_better	30	0.0	-0.0016666666666666663	0.0	-1	5	22	3	0.0	0.0
broad_supportive	Broad supportive evidence	exact_peptide	Exact peptide	topn	20	net_wci	Network WCI	Net_WCI	higher_better	30	0.0	0.0016666666666666672	0.0	1	5	23	2	0.0	0.0
broad_supportive	Broad supportive evidence	exact_peptide	Exact peptide	topn	20	tumor_dna_vaf	Tumor DNA VAF	Tumor DNA VAF	higher_better	30	0.0	-0.001666666666666666	0.0	-1	6	20	4	0.0	0.0
broad_supportive	Broad supportive evidence	exact_peptide	Exact peptide	topn	30	borda	Borda	Borda_Rank	lower_better	30	0.0	0.003333333333333333	0.0	3	6	21	3	0.0	0.0
broad_supportive	Broad supportive evidence	exact_peptide	Exact peptide	topn	30	depmap_survivability	DepMap survivability	Depmap_survivability_score	lower_better	30	0.0	0.003333333333333333	0.0	3	5	23	2	0.0	0.0
broad_supportive	Broad supportive evidence	exact_peptide	Exact peptide	topn	30	net_betweenness	Network betweenness	Net_Betweenness	higher_better	30	0.0	0.002222222222222222	0.0	2	6	21	3	0.0	0.0
broad_supportive	Broad supportive evidence	exact_peptide	Exact peptide	topn	30	net_degree	Network degree	Net_Degree	higher_better	30	0.0	0.0022222222222222227	0.0	2	5	21	4	0.0	0.0
broad_supportive	Broad supportive evidence	exact_peptide	Exact peptide	topn	30	net_impact	Network impact	Net_Impact	higher_better	30	0.0	0.002222222222222222	0.0	2	5	21	4	0.0	0.0
broad_supportive	Broad supportive evidence	exact_peptide	Exact peptide	topn	30	net_strength	Network strength	Net_Strength	higher_better	30	0.0	0.002222222222222222	0.0	2	5	21	4	0.0	0.0
broad_supportive	Broad supportive evidence	exact_peptide	Exact peptide	topn	30	net_wci	Network WCI	Net_WCI	higher_better	30	0.0	0.00111111111111111	0.0	1	5	21	4	0.0	0.0
broad_supportive	Broad supportive evidence	exact_peptide	Exact peptide	topn	30	tumor_dna_vaf	Tumor DNA VAF	Tumor DNA VAF	higher_better	30	0.0	0.0033333333333333327	0.0	3	7	20	3	0.0	0.0
broad_supportive	Broad supportive evidence	exact_peptide	Exact peptide	topn	40	borda	Borda	Borda_Rank	lower_better	30	0.0	0.0008333333333333334	0.0	1	5	21	4	0.0	0.0
broad_supportive	Broad supportive evidence	exact_peptide	Exact peptide	topn	40	depmap_survivability	DepMap survivability	Depmap_survivability_score	lower_better	30	0.0	0.0008333333333333332	0.0	1	5	22	3	0.0	0.0
broad_supportive	Broad supportive evidence	exact_peptide	Exact peptide	topn	40	net_betweenness	Network betweenness	Net_Betweenness	higher_better	30	0.0	0.0008333333333333334	0.0	1	4	22	4	0.0	0.0
broad_supportive	Broad supportive evidence	exact_peptide	Exact peptide	topn	40	net_degree	Network degree	Net_Degree	higher_better	30	0.0	-0.0016666666666666666	0.0	-2	4	22	4	0.0	0.0
broad_supportive	Broad supportive evidence	exact_peptide	Exact peptide	topn	40	net_impact	Network impact	Net_Impact	higher_better	30	0.0	0.001666666666666667	0.0	2	4	22	4	0.0	0.0
broad_supportive	Broad supportive evidence	exact_peptide	Exact peptide	topn	40	net_strength	Network strength	Net_Strength	higher_better	30	0.0	0.0008333333333333338	0.0	1	4	22	4	0.0	0.0
broad_supportive	Broad supportive evidence	exact_peptide	Exact peptide	topn	40	net_wci	Network WCI	Net_WCI	higher_better	30	0.0	0.0016666666666666666	0.0	2	5	21	4	0.0	0.0
broad_supportive	Broad supportive evidence	exact_peptide	Exact peptide	topn	40	tumor_dna_vaf	Tumor DNA VAF	Tumor DNA VAF	higher_better	30	0.0	-0.0016666666666666668	0.0	-2	5	21	4	0.0	0.0
broad_supportive	Broad supportive evidence	exact_peptide	Exact peptide	topn	50	borda	Borda	Borda_Rank	lower_better	30	0.0	-0.0006666666666666665	0.0	-1	2	24	4	0.0	0.0
broad_supportive	Broad supportive evidence	exact_peptide	Exact peptide	topn	50	depmap_survivability	DepMap survivability	Depmap_survivability_score	lower_better	30	0.0	-0.002	0.0	-3	2	24	4	0.0	0.0
broad_supportive	Broad supportive evidence	exact_peptide	Exact peptide	topn	50	net_betweenness	Network betweenness	Net_Betweenness	higher_better	30	0.0	-0.0006666666666666664	0.0	-1	3	23	4	0.0	0.0
broad_supportive	Broad supportive evidence	exact_peptide	Exact peptide	topn	50	net_degree	Network degree	Net_Degree	higher_better	30	0.0	-0.001333333333333333	0.0	-2	2	23	5	0.0	0.0
broad_supportive	Broad supportive evidence	exact_peptide	Exact peptide	topn	50	net_impact	Network impact	Net_Impact	higher_better	30	0.0	-0.0013333333333333335	0.0	-2	2	23	5	0.0	0.0
broad_supportive	Broad supportive evidence	exact_peptide	Exact peptide	topn	50	net_strength	Network strength	Net_Strength	higher_better	30	0.0	-0.002	0.0	-3	2	22	6	0.0	0.0
broad_supportive	Broad supportive evidence	exact_peptide	Exact peptide	topn	50	net_wci	Network WCI	Net_WCI	higher_better	30	0.0	0.0006666666666666668	0.0	1	4	21	5	0.0	0.0
broad_supportive	Broad supportive evidence	exact_peptide	Exact peptide	topn	50	tumor_dna_vaf	Tumor DNA VAF	Tumor DNA VAF	higher_better	30	0.0	-0.0006666666666666666	0.0	-1	4	23	3	0.0	0.0
broad_supportive	Broad supportive evidence	exact_peptide_hla	Exact peptide + HLA	percent	10	borda	Borda	Borda_Rank	lower_better	30	0.0	-0.0002624207577767953	0.0	-1	2	26	2	0.0	0.0
broad_supportive	Broad supportive evidence	exact_peptide_hla	Exact peptide + HLA	percent	10	depmap_survivability	DepMap survivability	Depmap_survivability_score	lower_better	30	0.0	0.008070912575556538	0.0	0	4	24	2	0.0	0.0
broad_supportive	Broad supportive evidence	exact_peptide_hla	Exact peptide + HLA	percent	10	net_betweenness	Network betweenness	Net_Betweenness	higher_better	30	0.0	-0.008683473389355743	0.0	-3	0	28	2	0.0	0.0
broad_supportive	Broad supportive evidence	exact_peptide_hla	Exact peptide + HLA	percent	10	net_degree	Network degree	Net_Degree	higher_better	30	0.0	-0.008683473389355743	0.0	-3	0	28	2	0.0	0.0
broad_supportive	Broad supportive evidence	exact_peptide_hla	Exact peptide + HLA	percent	10	net_impact	Network impact	Net_Impact	higher_better	30	0.0	-0.003921568627450981	0.0	-2	1	27	2	0.0	0.0
broad_supportive	Broad supportive evidence	exact_peptide_hla	Exact peptide + HLA	percent	10	net_strength	Network strength	Net_Strength	higher_better	30	0.0	-0.003921568627450981	0.0	-2	1	27	2	0.0	0.0
broad_supportive	Broad supportive evidence	exact_peptide_hla	Exact peptide + HLA	percent	10	net_wci	Network WCI	Net_WCI	higher_better	30	0.0	-0.008683473389355743	0.0	-3	0	28	2	0.0	0.0
broad_supportive	Broad supportive evidence	exact_peptide_hla	Exact peptide + HLA	percent	10	tumor_dna_vaf	Tumor DNA VAF	Tumor DNA VAF	higher_better	30	0.0	-0.003977591036414566	0.0	-3	1	27	2	0.0	0.0
broad_supportive	Broad supportive evidence	exact_peptide_hla	Exact peptide + HLA	percent	20	borda	Borda	Borda_Rank	lower_better	30	0.0	0.001931569578628402	0.0	-2	3	24	3	0.0	0.0
broad_supportive	Broad supportive evidence	exact_peptide_hla	Exact peptide + HLA	percent	20	depmap_survivability	DepMap survivability	Depmap_survivability_score	lower_better	30	0.0	0.006482312952901188	0.0	-2	5	22	3	0.0	0.0
broad_supportive	Broad supportive evidence	exact_peptide_hla	Exact peptide + HLA	percent	20	net_betweenness	Network betweenness	Net_Betweenness	higher_better	30	0.0	-0.0007064667358785015	0.0	-5	3	23	4	0.0	0.0
broad_supportive	Broad supportive evidence	exact_peptide_hla	Exact peptide + HLA	percent	20	net_degree	Network degree	Net_Degree	higher_better	30	0.0	0.003228470875529699	0.0	-3	3	24	3	0.0	0.0
broad_supportive	Broad supportive evidence	exact_peptide_hla	Exact peptide + HLA	percent	20	net_impact	Network impact	Net_Impact	higher_better	30	0.0	0.0010306686777275015	0.0	-3	3	24	3	0.0	0.0
broad_supportive	Broad supportive evidence	exact_peptide_hla	Exact peptide + HLA	percent	20	net_strength	Network strength	Net_Strength	higher_better	30	0.0	0.0010306686777275015	0.0	-3	3	24	3	0.0	0.0
broad_supportive	Broad supportive evidence	exact_peptide_hla	Exact peptide + HLA	percent	20	net_wci	Network WCI	Net_WCI	higher_better	30	0.0	-0.0019238767768179536	0.0	-4	3	23	4	0.0	0.0
broad_supportive	Broad supportive evidence	exact_peptide_hla	Exact peptide + HLA	percent	20	tumor_dna_vaf	Tumor DNA VAF	Tumor DNA VAF	higher_better	30	0.0	-0.004886360915772681	0.0	-5	3	23	4	0.0	0.0
broad_supportive	Broad supportive evidence	exact_peptide_hla	Exact peptide + HLA	percent	30	borda	Borda	Borda_Rank	lower_better	30	0.0	0.004108751348529293	0.0	-2	4	22	4	0.0	0.0
broad_supportive	Broad supportive evidence	exact_peptide_hla	Exact peptide + HLA	percent	30	depmap_survivability	DepMap survivability	Depmap_survivability_score	lower_better	30	0.0	0.0035644816140172177	0.0	-3	4	23	3	0.0	0.0
broad_supportive	Broad supportive evidence	exact_peptide_hla	Exact peptide + HLA	percent	30	net_betweenness	Network betweenness	Net_Betweenness	higher_better	30	0.0	0.0013511863342194751	0.0	-5	5	19	6	0.0	0.0
broad_supportive	Broad supportive evidence	exact_peptide_hla	Exact peptide + HLA	percent	30	net_degree	Network degree	Net_Degree	higher_better	30	0.0	0.005279219535804203	0.0	0	5	21	4	0.0	0.0
broad_supportive	Broad supportive evidence	exact_peptide_hla	Exact peptide + HLA	percent	30	net_impact	Network impact	Net_Impact	higher_better	30	0.0	0.0031752492927362153	0.0	-2	5	20	5	0.0	0.0
broad_supportive	Broad supportive evidence	exact_peptide_hla	Exact peptide + HLA	percent	30	net_strength	Network strength	Net_Strength	higher_better	30	0.0	0.002249323366810289	0.0	-3	4	21	5	0.0	0.0
broad_supportive	Broad supportive evidence	exact_peptide_hla	Exact peptide + HLA	percent	30	net_wci	Network WCI	Net_WCI	higher_better	30	0.0	0.0020047811054613057	0.0	-4	5	19	6	0.0	0.0
broad_supportive	Broad supportive evidence	exact_peptide_hla	Exact peptide + HLA	percent	30	tumor_dna_vaf	Tumor DNA VAF	Tumor DNA VAF	higher_better	30	0.0	0.003354073114135034	0.0	-2	5	21	4	0.0	0.0
broad_supportive	Broad supportive evidence	exact_peptide_hla	Exact peptide + HLA	percent	40	borda	Borda	Borda_Rank	lower_better	30	0.0	0.0014017732091640264	0.0	-1	4	22	4	0.0	0.0
broad_supportive	Broad supportive evidence	exact_peptide_hla	Exact peptide + HLA	percent	40	depmap_survivability	DepMap survivability	Depmap_survivability_score	lower_better	30	0.0	-2.0310263666518425e-05	0.0	-3	4	22	4	0.0	0.0
broad_supportive	Broad supportive evidence	exact_peptide_hla	Exact peptide + HLA	percent	40	net_betweenness	Network betweenness	Net_Betweenness	higher_better	30	0.0	-0.0001584379668168618	0.0	-7	4	19	7	0.0	0.0
broad_supportive	Broad supportive evidence	exact_peptide_hla	Exact peptide + HLA	percent	40	net_degree	Network degree	Net_Degree	higher_better	30	0.0	0.0013794133880425956	0.0	-1	3	23	4	0.0	0.0
broad_supportive	Broad supportive evidence	exact_peptide_hla	Exact peptide + HLA	percent	40	net_impact	Network impact	Net_Impact	higher_better	30	0.0	-0.001957118387788304	0.0	-4	3	22	5	0.0	0.0
broad_supportive	Broad supportive evidence	exact_peptide_hla	Exact peptide + HLA	percent	40	net_strength	Network strength	Net_Strength	higher_better	30	0.0	-0.0013330049126109992	0.0	-4	3	22	5	0.0	0.0
broad_supportive	Broad supportive evidence	exact_peptide_hla	Exact peptide + HLA	percent	40	net_wci	Network WCI	Net_WCI	higher_better	30	0.0	-0.0007866680684018147	0.0	-4	3	22	5	0.0	0.0
broad_supportive	Broad supportive evidence	exact_peptide_hla	Exact peptide + HLA	percent	40	tumor_dna_vaf	Tumor DNA VAF	Tumor DNA VAF	higher_better	30	0.0	-0.0014277319339167246	0.0	-3	4	21	5	0.0	0.0
broad_supportive	Broad supportive evidence	exact_peptide_hla	Exact peptide + HLA	percent	50	borda	Borda	Borda_Rank	lower_better	30	0.0	0.0020681557511091197	0.0	1	5	21	4	0.0	0.0
broad_supportive	Broad supportive evidence	exact_peptide_hla	Exact peptide + HLA	percent	50	depmap_survivability	DepMap survivability	Depmap_survivability_score	lower_better	30	0.0	0.0007003828852374308	0.0	-3	4	22	4	0.0	0.0
broad_supportive	Broad supportive evidence	exact_peptide_hla	Exact peptide + HLA	percent	50	net_betweenness	Network betweenness	Net_Betweenness	higher_better	30	0.0	0.002469485677162211	0.0	-4	4	19	7	0.0	0.0
broad_supportive	Broad supportive evidence	exact_peptide_hla	Exact peptide + HLA	percent	50	net_degree	Network degree	Net_Degree	higher_better	30	0.0	0.00447336196987466	0.0	1	6	19	5	0.0	0.0
broad_supportive	Broad supportive evidence	exact_peptide_hla	Exact peptide + HLA	percent	50	net_impact	Network impact	Net_Impact	higher_better	30	0.0	0.0031922329621428525	0.0	0	5	20	5	0.0	0.0
broad_supportive	Broad supportive evidence	exact_peptide_hla	Exact peptide + HLA	percent	50	net_strength	Network strength	Net_Strength	higher_better	30	0.0	0.0026272612107304232	0.0	-1	5	20	5	0.0	0.0
broad_supportive	Broad supportive evidence	exact_peptide_hla	Exact peptide + HLA	percent	50	net_wci	Network WCI	Net_WCI	higher_better	30	0.0	-0.0006870396898976738	0.0	-4	3	21	6	0.0	0.0
broad_supportive	Broad supportive evidence	exact_peptide_hla	Exact peptide + HLA	percent	50	tumor_dna_vaf	Tumor DNA VAF	Tumor DNA VAF	higher_better	30	0.0	0.0021127839563014014	0.0	-1	5	21	4	0.0	0.0
broad_supportive	Broad supportive evidence	exact_peptide_hla	Exact peptide + HLA	percent	60	borda	Borda	Borda_Rank	lower_better	30	0.0	0.0014008777321107442	0.0	-1	3	23	4	0.0	0.0
broad_supportive	Broad supportive evidence	exact_peptide_hla	Exact peptide + HLA	percent	60	depmap_survivability	DepMap survivability	Depmap_survivability_score	lower_better	30	0.0	-0.00014301406768420084	0.0	-4	3	22	5	0.003703703703703704	0.0
broad_supportive	Broad supportive evidence	exact_peptide_hla	Exact peptide + HLA	percent	60	net_betweenness	Network betweenness	Net_Betweenness	higher_better	30	0.0	5.4505046472370576e-05	0.0	-7	3	18	9	0.0	0.0
broad_supportive	Broad supportive evidence	exact_peptide_hla	Exact peptide + HLA	percent	60	net_degree	Network degree	Net_Degree	higher_better	30	0.0	0.0017065815483165159	0.0	-2	4	21	5	0.0	0.0
broad_supportive	Broad supportive evidence	exact_peptide_hla	Exact peptide + HLA	percent	60	net_impact	Network impact	Net_Impact	higher_better	30	0.0	0.003030765971092488	0.0	0	4	21	5	0.0	0.0
broad_supportive	Broad supportive evidence	exact_peptide_hla	Exact peptide + HLA	percent	60	net_strength	Network strength	Net_Strength	higher_better	30	0.0	0.00256128240301737	0.0	-1	4	21	5	0.0	0.0
broad_supportive	Broad supportive evidence	exact_peptide_hla	Exact peptide + HLA	percent	60	net_wci	Network WCI	Net_WCI	higher_better	30	0.0	-0.0005346421689914296	0.0	-4	4	18	8	0.0	0.0
broad_supportive	Broad supportive evidence	exact_peptide_hla	Exact peptide + HLA	percent	60	tumor_dna_vaf	Tumor DNA VAF	Tumor DNA VAF	higher_better	30	0.0	0.00024775780923226635	0.0	-3	2	24	4	0.0	0.0
broad_supportive	Broad supportive evidence	exact_peptide_hla	Exact peptide + HLA	topn	10	borda	Borda	Borda_Rank	lower_better	30	0.0	-0.01	0.0	-3	2	26	2	0.0	0.0
broad_supportive	Broad supportive evidence	exact_peptide_hla	Exact peptide + HLA	topn	10	depmap_survivability	DepMap survivability	Depmap_survivability_score	lower_better	30	0.0	9.251858538542971e-19	0.0	0	5	23	2	0.0	0.0
broad_supportive	Broad supportive evidence	exact_peptide_hla	Exact peptide + HLA	topn	10	net_betweenness	Network betweenness	Net_Betweenness	higher_better	30	0.0	-0.006666666666666666	0.0	-2	2	26	2	0.0	0.0
broad_supportive	Broad supportive evidence	exact_peptide_hla	Exact peptide + HLA	topn	10	net_degree	Network degree	Net_Degree	higher_better	30	0.0	-0.0033333333333333327	0.0	-1	3	25	2	0.0	0.0
broad_supportive	Broad supportive evidence	exact_peptide_hla	Exact peptide + HLA	topn	10	net_impact	Network impact	Net_Impact	higher_better	30	0.0	9.251858538542971e-19	0.0	0	4	24	2	0.0	0.0
broad_supportive	Broad supportive evidence	exact_peptide_hla	Exact peptide + HLA	topn	10	net_strength	Network strength	Net_Strength	higher_better	30	0.0	9.251858538542971e-19	0.0	0	4	24	2	0.0	0.0
broad_supportive	Broad supportive evidence	exact_peptide_hla	Exact peptide + HLA	topn	10	net_wci	Network WCI	Net_WCI	higher_better	30	0.0	-0.006666666666666666	0.0	-2	2	26	2	0.0	0.0
broad_supportive	Broad supportive evidence	exact_peptide_hla	Exact peptide + HLA	topn	10	tumor_dna_vaf	Tumor DNA VAF	Tumor DNA VAF	higher_better	30	0.0	-0.013333333333333334	0.0	-4	1	27	2	0.0	0.0
broad_supportive	Broad supportive evidence	exact_peptide_hla	Exact peptide + HLA	topn	20	borda	Borda	Borda_Rank	lower_better	30	0.0	0.0016666666666666668	0.0	1	5	22	3	0.0	0.0
broad_supportive	Broad supportive evidence	exact_peptide_hla	Exact peptide + HLA	topn	20	depmap_survivability	DepMap survivability	Depmap_survivability_score	lower_better	30	0.0	-0.005000000000000001	0.0	-3	3	25	2	0.0	0.0
broad_supportive	Broad supportive evidence	exact_peptide_hla	Exact peptide + HLA	topn	20	net_betweenness	Network betweenness	Net_Betweenness	higher_better	30	0.0	-0.0033333333333333335	0.0	-2	4	23	3	0.0	0.0
broad_supportive	Broad supportive evidence	exact_peptide_hla	Exact peptide + HLA	topn	20	net_degree	Network degree	Net_Degree	higher_better	30	0.0	-0.0016666666666666668	0.0	-1	3	24	3	0.0	0.0
broad_supportive	Broad supportive evidence	exact_peptide_hla	Exact peptide + HLA	topn	20	net_impact	Network impact	Net_Impact	higher_better	30	0.0	-0.005000000000000001	0.0	-3	3	24	3	0.0	0.0
broad_supportive	Broad supportive evidence	exact_peptide_hla	Exact peptide + HLA	topn	20	net_strength	Network strength	Net_Strength	higher_better	30	0.0	-0.005000000000000001	0.0	-3	3	24	3	0.0	0.0
broad_supportive	Broad supportive evidence	exact_peptide_hla	Exact peptide + HLA	topn	20	net_wci	Network WCI	Net_WCI	higher_better	30	0.0	-0.005000000000000001	0.0	-3	3	24	3	0.0	0.0
broad_supportive	Broad supportive evidence	exact_peptide_hla	Exact peptide + HLA	topn	20	tumor_dna_vaf	Tumor DNA VAF	Tumor DNA VAF	higher_better	30	0.0	-0.006666666666666667	0.0	-4	3	23	4	0.0	0.0
broad_supportive	Broad supportive evidence	exact_peptide_hla	Exact peptide + HLA	topn	30	borda	Borda	Borda_Rank	lower_better	30	0.0	0.0	0.0	0	4	23	3	0.0	0.0
broad_supportive	Broad supportive evidence	exact_peptide_hla	Exact peptide + HLA	topn	30	depmap_survivability	DepMap survivability	Depmap_survivability_score	lower_better	30	0.0	-0.0011111111111111115	0.0	-1	3	25	2	0.0	0.0
broad_supportive	Broad supportive evidence	exact_peptide_hla	Exact peptide + HLA	topn	30	net_betweenness	Network betweenness	Net_Betweenness	higher_better	30	0.0	-0.0033333333333333335	0.0	-3	4	22	4	0.0	0.0
broad_supportive	Broad supportive evidence	exact_peptide_hla	Exact peptide + HLA	topn	30	net_degree	Network degree	Net_Degree	higher_better	30	0.0	-0.0011111111111111111	0.0	-1	3	23	4	0.0	0.0
broad_supportive	Broad supportive evidence	exact_peptide_hla	Exact peptide + HLA	topn	30	net_impact	Network impact	Net_Impact	higher_better	30	0.0	-0.0011111111111111111	0.0	-1	3	23	4	0.0	0.0
broad_supportive	Broad supportive evidence	exact_peptide_hla	Exact peptide + HLA	topn	30	net_strength	Network strength	Net_Strength	higher_better	30	0.0	-0.0011111111111111111	0.0	-1	3	23	4	0.0	0.0
broad_supportive	Broad supportive evidence	exact_peptide_hla	Exact peptide + HLA	topn	30	net_wci	Network WCI	Net_WCI	higher_better	30	0.0	-0.004444444444444445	0.0	-4	3	22	5	0.0	0.0
broad_supportive	Broad supportive evidence	exact_peptide_hla	Exact peptide + HLA	topn	30	tumor_dna_vaf	Tumor DNA VAF	Tumor DNA VAF	higher_better	30	0.0	-0.0011111111111111113	0.0	-1	4	23	3	0.0	0.0
broad_supportive	Broad supportive evidence	exact_peptide_hla	Exact peptide + HLA	topn	40	borda	Borda	Borda_Rank	lower_better	30	0.0	-0.0033333333333333335	0.0	-4	2	24	4	0.0	0.0
broad_supportive	Broad supportive evidence	exact_peptide_hla	Exact peptide + HLA	topn	40	depmap_survivability	DepMap survivability	Depmap_survivability_score	lower_better	30	0.0	-0.0025000000000000005	0.0	-3	3	24	3	0.0	0.0
broad_supportive	Broad supportive evidence	exact_peptide_hla	Exact peptide + HLA	topn	40	net_betweenness	Network betweenness	Net_Betweenness	higher_better	30	0.0	-0.004166666666666667	0.0	-5	2	23	5	0.0	0.0
broad_supportive	Broad supportive evidence	exact_peptide_hla	Exact peptide + HLA	topn	40	net_degree	Network degree	Net_Degree	higher_better	30	0.0	-0.0033333333333333335	0.0	-4	2	24	4	0.0	0.0
broad_supportive	Broad supportive evidence	exact_peptide_hla	Exact peptide + HLA	topn	40	net_impact	Network impact	Net_Impact	higher_better	30	0.0	-0.0016666666666666668	0.0	-2	2	25	3	0.0	0.0
broad_supportive	Broad supportive evidence	exact_peptide_hla	Exact peptide + HLA	topn	40	net_strength	Network strength	Net_Strength	higher_better	30	0.0	-0.0025000000000000005	0.0	-3	1	26	3	0.0	0.0
broad_supportive	Broad supportive evidence	exact_peptide_hla	Exact peptide + HLA	topn	40	net_wci	Network WCI	Net_WCI	higher_better	30	0.0	-0.0025000000000000005	0.0	-3	3	22	5	0.0	0.0
broad_supportive	Broad supportive evidence	exact_peptide_hla	Exact peptide + HLA	topn	40	tumor_dna_vaf	Tumor DNA VAF	Tumor DNA VAF	higher_better	30	0.0	-0.004166666666666667	0.0	-5	3	23	4	0.0	0.0
broad_supportive	Broad supportive evidence	exact_peptide_hla	Exact peptide + HLA	topn	50	borda	Borda	Borda_Rank	lower_better	30	0.0	-0.0033333333333333335	0.0	-5	1	25	4	0.0	0.0
broad_supportive	Broad supportive evidence	exact_peptide_hla	Exact peptide + HLA	topn	50	depmap_survivability	DepMap survivability	Depmap_survivability_score	lower_better	30	0.0	-0.004	0.0	-6	2	24	4	0.0	0.0
broad_supportive	Broad supportive evidence	exact_peptide_hla	Exact peptide + HLA	topn	50	net_betweenness	Network betweenness	Net_Betweenness	higher_better	30	0.0	-0.004	0.0	-6	1	24	5	0.0	0.0
broad_supportive	Broad supportive evidence	exact_peptide_hla	Exact peptide + HLA	topn	50	net_degree	Network degree	Net_Degree	higher_better	30	0.0	-0.002666666666666667	0.0	-4	2	24	4	0.0	0.0
broad_supportive	Broad supportive evidence	exact_peptide_hla	Exact peptide + HLA	topn	50	net_impact	Network impact	Net_Impact	higher_better	30	0.0	-0.0033333333333333335	0.0	-5	1	24	5	0.0	0.0
broad_supportive	Broad supportive evidence	exact_peptide_hla	Exact peptide + HLA	topn	50	net_strength	Network strength	Net_Strength	higher_better	30	0.0	-0.004	0.0	-6	1	24	5	0.0	0.0
broad_supportive	Broad supportive evidence	exact_peptide_hla	Exact peptide + HLA	topn	50	net_wci	Network WCI	Net_WCI	higher_better	30	0.0	-0.0033333333333333335	0.0	-5	2	22	6	0.0	0.0
broad_supportive	Broad supportive evidence	exact_peptide_hla	Exact peptide + HLA	topn	50	tumor_dna_vaf	Tumor DNA VAF	Tumor DNA VAF	higher_better	30	0.0	-0.002666666666666666	0.0	-4	3	23	4	0.0	0.0
broad_supportive	Broad supportive evidence	relaxed_min8_peptide	Relaxed min-8 peptide	percent	10	borda	Borda	Borda_Rank	lower_better	30	0.0	-0.005134410466218254	0.0	9	12	10	8	0.424812030075188	0.41428571428571426
broad_supportive	Broad supportive evidence	relaxed_min8_peptide	Relaxed min-8 peptide	percent	10	depmap_survivability	DepMap survivability	Depmap_survivability_score	lower_better	30	0.0	0.009851309730835912	0.0	3	11	7	12	0.43167701863354035	0.41428571428571426
broad_supportive	Broad supportive evidence	relaxed_min8_peptide	Relaxed min-8 peptide	percent	10	net_betweenness	Network betweenness	Net_Betweenness	higher_better	30	-0.02777777777777779	-0.03446113669562317	-0.5	-6	11	4	15	0.3739130434782609	0.41428571428571426
broad_supportive	Broad supportive evidence	relaxed_min8_peptide	Relaxed min-8 peptide	percent	10	net_degree	Network degree	Net_Degree	higher_better	30	0.0	-0.028946466180952656	0.0	-4	12	5	13	0.4226190476190476	0.41428571428571426
broad_supportive	Broad supportive evidence	relaxed_min8_peptide	Relaxed min-8 peptide	percent	10	net_impact	Network impact	Net_Impact	higher_better	30	-0.021739130434782622	-0.03586273027112978	-0.5	-5	9	6	15	0.4083333333333333	0.41428571428571426
broad_supportive	Broad supportive evidence	relaxed_min8_peptide	Relaxed min-8 peptide	percent	10	net_strength	Network strength	Net_Strength	higher_better	30	-0.021739130434782622	-0.007703115548047573	-0.5	1	10	5	15	0.43167701863354035	0.41428571428571426
broad_supportive	Broad supportive evidence	relaxed_min8_peptide	Relaxed min-8 peptide	percent	10	net_wci	Network WCI	Net_WCI	higher_better	30	-0.0851449275362319	-0.10119142342927509	-1.0	-18	7	7	16	0.2899159663865546	0.41428571428571426
broad_supportive	Broad supportive evidence	relaxed_min8_peptide	Relaxed min-8 peptide	percent	10	tumor_dna_vaf	Tumor DNA VAF	Tumor DNA VAF	higher_better	30	0.021739130434782594	0.05059141174903726	0.5	7	15	9	6	0.5108695652173914	0.41428571428571426
broad_supportive	Broad supportive evidence	relaxed_min8_peptide	Relaxed min-8 peptide	percent	20	borda	Borda	Borda_Rank	lower_better	30	0.01428571428571429	0.02930350197378062	0.5	11	15	6	9	0.4305555555555556	0.3555555555555555
broad_supportive	Broad supportive evidence	relaxed_min8_peptide	Relaxed min-8 peptide	percent	20	depmap_survivability	DepMap survivability	Depmap_survivability_score	lower_better	30	0.0	0.04151735457463013	0.0	16	14	4	12	0.44345238095238093	0.3555555555555555
broad_supportive	Broad supportive evidence	relaxed_min8_peptide	Relaxed min-8 peptide	percent	20	net_betweenness	Network betweenness	Net_Betweenness	higher_better	30	-0.02631578947368421	-0.0275740328991103	-0.5	-7	10	5	15	0.35416666666666663	0.3555555555555555
broad_supportive	Broad supportive evidence	relaxed_min8_peptide	Relaxed min-8 peptide	percent	20	net_degree	Network degree	Net_Degree	higher_better	30	0.0	-0.003279086011284153	0.0	-1	10	6	14	0.41640866873065013	0.3555555555555555
broad_supportive	Broad supportive evidence	relaxed_min8_peptide	Relaxed min-8 peptide	percent	20	net_impact	Network impact	Net_Impact	higher_better	30	0.0	-0.0061762694425233095	0.0	-4	9	7	14	0.4105263157894737	0.3555555555555555
broad_supportive	Broad supportive evidence	relaxed_min8_peptide	Relaxed min-8 peptide	percent	20	net_strength	Network strength	Net_Strength	higher_better	30	-0.022222222222222227	-0.009484703927428385	-0.5	-7	9	6	15	0.40588235294117647	0.3555555555555555
broad_supportive	Broad supportive evidence	relaxed_min8_peptide	Relaxed min-8 peptide	percent	20	net_wci	Network WCI	Net_WCI	higher_better	30	-0.07464607464607464	-0.04941221569704542	-1.0	-16	9	4	17	0.37936507936507935	0.3555555555555555
broad_supportive	Broad supportive evidence	relaxed_min8_peptide	Relaxed min-8 peptide	percent	20	tumor_dna_vaf	Tumor DNA VAF	Tumor DNA VAF	higher_better	30	0.01428571428571429	0.025459664747590448	0.5	4	15	8	7	0.4253968253968254	0.3555555555555555
broad_supportive	Broad supportive evidence	relaxed_min8_peptide	Relaxed min-8 peptide	percent	30	borda	Borda	Borda_Rank	lower_better	30	0.0	0.02899871207661475	0.0	16	13	6	11	0.42997198879551823	0.403125
broad_supportive	Broad supportive evidence	relaxed_min8_peptide	Relaxed min-8 peptide	percent	30	depmap_survivability	DepMap survivability	Depmap_survivability_score	lower_better	30	0.00735294117647059	0.029509953120977386	0.5	10	15	4	11	0.4166666666666667	0.403125
broad_supportive	Broad supportive evidence	relaxed_min8_peptide	Relaxed min-8 peptide	percent	30	net_betweenness	Network betweenness	Net_Betweenness	higher_better	30	-0.04294871794871796	-0.02806290205647181	-1.0	-17	13	1	16	0.38608374384236455	0.403125
broad_supportive	Broad supportive evidence	relaxed_min8_peptide	Relaxed min-8 peptide	percent	30	net_degree	Network degree	Net_Degree	higher_better	30	0.0	0.008050500329359243	0.0	3	13	4	13	0.40900735294117646	0.403125
broad_supportive	Broad supportive evidence	relaxed_min8_peptide	Relaxed min-8 peptide	percent	30	net_impact	Network impact	Net_Impact	higher_better	30	-0.01470588235294118	0.014221538357705987	-0.5	5	13	2	15	0.41760935143288086	0.403125
broad_supportive	Broad supportive evidence	relaxed_min8_peptide	Relaxed min-8 peptide	percent	30	net_strength	Network strength	Net_Strength	higher_better	30	-0.015625	0.011145786984359715	-0.5	4	13	2	15	0.40192307692307694	0.403125
broad_supportive	Broad supportive evidence	relaxed_min8_peptide	Relaxed min-8 peptide	percent	30	net_wci	Network WCI	Net_WCI	higher_better	30	0.0	-0.009075536954241063	0.0	-9	13	3	14	0.3514705882352941	0.403125
broad_supportive	Broad supportive evidence	relaxed_min8_peptide	Relaxed min-8 peptide	percent	30	tumor_dna_vaf	Tumor DNA VAF	Tumor DNA VAF	higher_better	30	0.0	-0.001941983860725951	0.0	-7	12	8	10	0.424812030075188	0.403125
broad_supportive	Broad supportive evidence	relaxed_min8_peptide	Relaxed min-8 peptide	percent	40	borda	Borda	Borda_Rank	lower_better	30	0.0	0.02278065666877125	0.0	17	14	6	10	0.4136661211129296	0.39148936170212767
broad_supportive	Broad supportive evidence	relaxed_min8_peptide	Relaxed min-8 peptide	percent	40	depmap_survivability	DepMap survivability	Depmap_survivability_score	lower_better	30	0.022222222222222227	0.03106109184151531	0.5	12	15	4	11	0.4166666666666667	0.39148936170212767
broad_supportive	Broad supportive evidence	relaxed_min8_peptide	Relaxed min-8 peptide	percent	40	net_betweenness	Network betweenness	Net_Betweenness	higher_better	30	-0.007692307692307665	-0.016841046468678834	-0.5	-17	13	2	15	0.3775949862906385	0.39148936170212767
broad_supportive	Broad supportive evidence	relaxed_min8_peptide	Relaxed min-8 peptide	percent	40	net_degree	Network degree	Net_Degree	higher_better	30	0.02982456140350878	0.007884625257706746	1.0	5	17	2	11	0.4151469098277609	0.39148936170212767
broad_supportive	Broad supportive evidence	relaxed_min8_peptide	Relaxed min-8 peptide	percent	40	net_impact	Network impact	Net_Impact	higher_better	30	0.011111111111111127	0.018520891160392624	0.5	12	15	3	12	0.41424116424116425	0.39148936170212767
broad_supportive	Broad supportive evidence	relaxed_min8_peptide	Relaxed min-8 peptide	percent	40	net_strength	Network strength	Net_Strength	higher_better	30	0.011111111111111127	0.013124051978387206	0.5	7	15	2	13	0.3985294117647059	0.39148936170212767
broad_supportive	Broad supportive evidence	relaxed_min8_peptide	Relaxed min-8 peptide	percent	40	net_wci	Network WCI	Net_WCI	higher_better	30	-0.03372352285395763	-0.006579809461294606	-1.0	-20	9	4	17	0.3720275344180225	0.39148936170212767
broad_supportive	Broad supportive evidence	relaxed_min8_peptide	Relaxed min-8 peptide	percent	40	tumor_dna_vaf	Tumor DNA VAF	Tumor DNA VAF	higher_better	30	0.04508611955420466	0.008776000069896477	1.0	2	17	3	10	0.41885964912280704	0.39148936170212767
broad_supportive	Broad supportive evidence	relaxed_min8_peptide	Relaxed min-8 peptide	percent	50	borda	Borda	Borda_Rank	lower_better	30	0.009840629800307255	0.008829766433766366	1.0	15	16	3	11	0.4065148305084746	0.4142156862745098
broad_supportive	Broad supportive evidence	relaxed_min8_peptide	Relaxed min-8 peptide	percent	50	depmap_survivability	DepMap survivability	Depmap_survivability_score	lower_better	30	0.0	0.002004373757156086	0.0	-11	13	4	13	0.403125	0.4142156862745098
broad_supportive	Broad supportive evidence	relaxed_min8_peptide	Relaxed min-8 peptide	percent	50	net_betweenness	Network betweenness	Net_Betweenness	higher_better	30	0.0	-0.022972883518291524	0.0	-24	12	5	13	0.37898936170212766	0.4142156862745098
broad_supportive	Broad supportive evidence	relaxed_min8_peptide	Relaxed min-8 peptide	percent	50	net_degree	Network degree	Net_Degree	higher_better	30	0.0	-0.0035329358418908587	0.0	-3	14	4	12	0.39196428571428577	0.4142156862745098
broad_supportive	Broad supportive evidence	relaxed_min8_peptide	Relaxed min-8 peptide	percent	50	net_impact	Network impact	Net_Impact	higher_better	30	0.015625	0.0038841122437692182	0.5	5	15	2	13	0.40535714285714286	0.4142156862745098
broad_supportive	Broad supportive evidence	relaxed_min8_peptide	Relaxed min-8 peptide	percent	50	net_strength	Network strength	Net_Strength	higher_better	30	0.015625	0.0037039701498479496	0.5	2	15	3	12	0.40535714285714286	0.4142156862745098
broad_supportive	Broad supportive evidence	relaxed_min8_peptide	Relaxed min-8 peptide	percent	50	net_wci	Network WCI	Net_WCI	higher_better	30	-0.041276595744680844	-0.027566241616254608	-1.0	-32	8	5	17	0.37202380952380953	0.4142156862745098
broad_supportive	Broad supportive evidence	relaxed_min8_peptide	Relaxed min-8 peptide	percent	50	tumor_dna_vaf	Tumor DNA VAF	Tumor DNA VAF	higher_better	30	0.0	-0.012765947507278882	0.0	-15	14	2	14	0.4226190476190476	0.4142156862745098
broad_supportive	Broad supportive evidence	relaxed_min8_peptide	Relaxed min-8 peptide	percent	60	borda	Borda	Borda_Rank	lower_better	30	0.0	-0.013967448428534975	0.0	-3	12	6	12	0.4042253521126761	0.4042950513538749
broad_supportive	Broad supportive evidence	relaxed_min8_peptide	Relaxed min-8 peptide	percent	60	depmap_survivability	DepMap survivability	Depmap_survivability_score	lower_better	30	0.0	0.0018491493309000138	0.0	-7	12	6	12	0.40512820512820513	0.4042950513538749
broad_supportive	Broad supportive evidence	relaxed_min8_peptide	Relaxed min-8 peptide	percent	60	net_betweenness	Network betweenness	Net_Betweenness	higher_better	30	-0.027936590436590414	-0.032593685756068726	-1.5	-38	10	3	17	0.3863722877807385	0.4042950513538749
broad_supportive	Broad supportive evidence	relaxed_min8_peptide	Relaxed min-8 peptide	percent	60	net_degree	Network degree	Net_Degree	higher_better	30	0.0	-0.008019701061480557	0.0	-6	12	4	14	0.38042650418888047	0.4042950513538749
broad_supportive	Broad supportive evidence	relaxed_min8_peptide	Relaxed min-8 peptide	percent	60	net_impact	Network impact	Net_Impact	higher_better	30	0.0	-0.009534258541093904	0.0	-7	12	4	14	0.37083333333333335	0.4042950513538749
broad_supportive	Broad supportive evidence	relaxed_min8_peptide	Relaxed min-8 peptide	percent	60	net_strength	Network strength	Net_Strength	higher_better	30	0.0	-0.01065098531063193	0.0	-12	11	5	14	0.37083333333333335	0.4042950513538749
broad_supportive	Broad supportive evidence	relaxed_min8_peptide	Relaxed min-8 peptide	percent	60	net_wci	Network WCI	Net_WCI	higher_better	30	-0.03755197505197505	-0.03272693103392813	-1.0	-36	9	4	17	0.3756188118811881	0.4042950513538749
broad_supportive	Broad supportive evidence	relaxed_min8_peptide	Relaxed min-8 peptide	percent	60	tumor_dna_vaf	Tumor DNA VAF	Tumor DNA VAF	higher_better	30	-0.019916855631141345	-0.01589841210349397	-1.0	-26	9	5	16	0.42101648351648346	0.4042950513538749
broad_supportive	Broad supportive evidence	relaxed_min8_peptide	Relaxed min-8 peptide	topn	10	borda	Borda	Borda_Rank	lower_better	30	0.04999999999999999	0.07333333333333333	0.5	22	15	10	5	0.5	0.4
broad_supportive	Broad supportive evidence	relaxed_min8_peptide	Relaxed min-8 peptide	topn	10	depmap_survivability	DepMap survivability	Depmap_survivability_score	lower_better	30	0.0	0.07	0.0	21	14	8	8	0.5	0.4
broad_supportive	Broad supportive evidence	relaxed_min8_peptide	Relaxed min-8 peptide	topn	10	net_betweenness	Network betweenness	Net_Betweenness	higher_better	30	0.0	-9.25185853854297e-18	0.0	0	13	3	14	0.3	0.4
broad_supportive	Broad supportive evidence	relaxed_min8_peptide	Relaxed min-8 peptide	topn	10	net_degree	Network degree	Net_Degree	higher_better	30	0.0	0.056666666666666664	0.0	17	13	9	8	0.45	0.4
broad_supportive	Broad supportive evidence	relaxed_min8_peptide	Relaxed min-8 peptide	topn	10	net_impact	Network impact	Net_Impact	higher_better	30	0.0	0.04333333333333333	0.0	13	13	3	14	0.4	0.4
broad_supportive	Broad supportive evidence	relaxed_min8_peptide	Relaxed min-8 peptide	topn	10	net_strength	Network strength	Net_Strength	higher_better	30	0.0	0.056666666666666664	0.0	17	13	4	13	0.45	0.4
broad_supportive	Broad supportive evidence	relaxed_min8_peptide	Relaxed min-8 peptide	topn	10	net_wci	Network WCI	Net_WCI	higher_better	30	0.0	-0.006666666666666664	0.0	-2	9	8	13	0.3	0.4
broad_supportive	Broad supportive evidence	relaxed_min8_peptide	Relaxed min-8 peptide	topn	10	tumor_dna_vaf	Tumor DNA VAF	Tumor DNA VAF	higher_better	30	0.04999999999999999	0.03333333333333333	0.5	10	15	7	8	0.4	0.4
broad_supportive	Broad supportive evidence	relaxed_min8_peptide	Relaxed min-8 peptide	topn	20	borda	Borda	Borda_Rank	lower_better	30	0.0	0.00833333333333334	0.0	5	14	6	10	0.42500000000000004	0.42500000000000004
broad_supportive	Broad supportive evidence	relaxed_min8_peptide	Relaxed min-8 peptide	topn	20	depmap_survivability	DepMap survivability	Depmap_survivability_score	lower_better	30	0.0	0.01166666666666667	0.0	7	10	10	10	0.4	0.42500000000000004
broad_supportive	Broad supportive evidence	relaxed_min8_peptide	Relaxed min-8 peptide	topn	20	net_betweenness	Network betweenness	Net_Betweenness	higher_better	30	0.0	-0.025	0.0	-15	9	8	13	0.4	0.42500000000000004
broad_supportive	Broad supportive evidence	relaxed_min8_peptide	Relaxed min-8 peptide	topn	20	net_degree	Network degree	Net_Degree	higher_better	30	0.0	-0.021666666666666664	0.0	-13	11	6	13	0.375	0.42500000000000004
broad_supportive	Broad supportive evidence	relaxed_min8_peptide	Relaxed min-8 peptide	topn	20	net_impact	Network impact	Net_Impact	higher_better	30	0.0	-0.023333333333333324	0.0	-14	10	8	12	0.375	0.42500000000000004
broad_supportive	Broad supportive evidence	relaxed_min8_peptide	Relaxed min-8 peptide	topn	20	net_strength	Network strength	Net_Strength	higher_better	30	0.0	-0.02333333333333333	0.0	-14	10	8	12	0.4	0.42500000000000004
broad_supportive	Broad supportive evidence	relaxed_min8_peptide	Relaxed min-8 peptide	topn	20	net_wci	Network WCI	Net_WCI	higher_better	30	-0.024999999999999994	-0.034999999999999996	-0.5	-21	8	7	15	0.35	0.42500000000000004
broad_supportive	Broad supportive evidence	relaxed_min8_peptide	Relaxed min-8 peptide	topn	20	tumor_dna_vaf	Tumor DNA VAF	Tumor DNA VAF	higher_better	30	0.0	-0.009999999999999992	0.0	-6	10	9	11	0.4	0.42500000000000004
broad_supportive	Broad supportive evidence	relaxed_min8_peptide	Relaxed min-8 peptide	topn	30	borda	Borda	Borda_Rank	lower_better	30	0.0	0.0022222222222222244	0.0	2	12	11	7	0.4166666666666667	0.4166666666666667
broad_supportive	Broad supportive evidence	relaxed_min8_peptide	Relaxed min-8 peptide	topn	30	depmap_survivability	DepMap survivability	Depmap_survivability_score	lower_better	30	0.0	-0.0022222222222222153	0.0	-2	8	9	13	0.4	0.4166666666666667
broad_supportive	Broad supportive evidence	relaxed_min8_peptide	Relaxed min-8 peptide	topn	30	net_betweenness	Network betweenness	Net_Betweenness	higher_better	30	0.0	-0.01777777777777778	0.0	-16	8	10	12	0.3572463768115942	0.4166666666666667
broad_supportive	Broad supportive evidence	relaxed_min8_peptide	Relaxed min-8 peptide	topn	30	net_degree	Network degree	Net_Degree	higher_better	30	0.0	-0.014444444444444446	0.0	-13	8	11	11	0.3572463768115942	0.4166666666666667
broad_supportive	Broad supportive evidence	relaxed_min8_peptide	Relaxed min-8 peptide	topn	30	net_impact	Network impact	Net_Impact	higher_better	30	0.0	-0.017777777777777774	0.0	-16	6	13	11	0.3833333333333333	0.4166666666666667
broad_supportive	Broad supportive evidence	relaxed_min8_peptide	Relaxed min-8 peptide	topn	30	net_strength	Network strength	Net_Strength	higher_better	30	0.0	-0.025555555555555557	0.0	-23	6	12	12	0.3572463768115942	0.4166666666666667
broad_supportive	Broad supportive evidence	relaxed_min8_peptide	Relaxed min-8 peptide	topn	30	net_wci	Network WCI	Net_WCI	higher_better	30	-0.016666666666666663	-0.03444444444444444	-0.5	-31	7	8	15	0.3572463768115942	0.4166666666666667
broad_supportive	Broad supportive evidence	relaxed_min8_peptide	Relaxed min-8 peptide	topn	30	tumor_dna_vaf	Tumor DNA VAF	Tumor DNA VAF	higher_better	30	0.0	-0.0066666666666666645	0.0	-6	10	8	12	0.43333333333333335	0.4166666666666667
broad_supportive	Broad supportive evidence	relaxed_min8_peptide	Relaxed min-8 peptide	topn	40	borda	Borda	Borda_Rank	lower_better	30	0.0	0.005	0.0	6	10	13	7	0.4125	0.4
broad_supportive	Broad supportive evidence	relaxed_min8_peptide	Relaxed min-8 peptide	topn	40	depmap_survivability	DepMap survivability	Depmap_survivability_score	lower_better	30	0.0	0.0008333333333333304	0.0	1	7	14	9	0.4	0.4
broad_supportive	Broad supportive evidence	relaxed_min8_peptide	Relaxed min-8 peptide	topn	40	net_betweenness	Network betweenness	Net_Betweenness	higher_better	30	0.0	-0.007500000000000002	0.0	-9	9	12	9	0.375	0.4
broad_supportive	Broad supportive evidence	relaxed_min8_peptide	Relaxed min-8 peptide	topn	40	net_degree	Network degree	Net_Degree	higher_better	30	0.0	-0.004166666666666669	0.0	-5	6	14	10	0.375	0.4
broad_supportive	Broad supportive evidence	relaxed_min8_peptide	Relaxed min-8 peptide	topn	40	net_impact	Network impact	Net_Impact	higher_better	30	0.0	-0.001666666666666671	0.0	-2	6	14	10	0.375	0.4
broad_supportive	Broad supportive evidence	relaxed_min8_peptide	Relaxed min-8 peptide	topn	40	net_strength	Network strength	Net_Strength	higher_better	30	0.0	-0.005000000000000005	0.0	-6	6	13	11	0.3625	0.4
broad_supportive	Broad supportive evidence	relaxed_min8_peptide	Relaxed min-8 peptide	topn	40	net_wci	Network WCI	Net_WCI	higher_better	30	0.0	-0.009166666666666672	0.0	-11	7	12	11	0.35	0.4
broad_supportive	Broad supportive evidence	relaxed_min8_peptide	Relaxed min-8 peptide	topn	40	tumor_dna_vaf	Tumor DNA VAF	Tumor DNA VAF	higher_better	30	0.0	-0.006666666666666666	0.0	-8	6	17	7	0.4	0.4
broad_supportive	Broad supportive evidence	relaxed_min8_peptide	Relaxed min-8 peptide	topn	50	borda	Borda	Borda_Rank	lower_better	30	0.0	0.006000000000000004	0.0	9	7	18	5	0.42	0.37478260869565216
broad_supportive	Broad supportive evidence	relaxed_min8_peptide	Relaxed min-8 peptide	topn	50	depmap_survivability	DepMap survivability	Depmap_survivability_score	lower_better	30	0.0	-0.0013333333333333253	0.0	-2	7	18	5	0.4	0.37478260869565216
broad_supportive	Broad supportive evidence	relaxed_min8_peptide	Relaxed min-8 peptide	topn	50	net_betweenness	Network betweenness	Net_Betweenness	higher_better	30	0.0	-0.007333333333333331	0.0	-11	6	18	6	0.3847826086956522	0.37478260869565216
broad_supportive	Broad supportive evidence	relaxed_min8_peptide	Relaxed min-8 peptide	topn	50	net_degree	Network degree	Net_Degree	higher_better	30	0.0	0.00133333333333334	0.0	2	6	19	5	0.38	0.37478260869565216
broad_supportive	Broad supportive evidence	relaxed_min8_peptide	Relaxed min-8 peptide	topn	50	net_impact	Network impact	Net_Impact	higher_better	30	0.0	-0.001333333333333328	0.0	-2	7	16	7	0.39	0.37478260869565216
broad_supportive	Broad supportive evidence	relaxed_min8_peptide	Relaxed min-8 peptide	topn	50	net_strength	Network strength	Net_Strength	higher_better	30	0.0	-0.0006666666666666598	0.0	-1	7	16	7	0.39	0.37478260869565216
broad_supportive	Broad supportive evidence	relaxed_min8_peptide	Relaxed min-8 peptide	topn	50	net_wci	Network WCI	Net_WCI	higher_better	30	0.0	-0.011999999999999992	0.0	-18	4	18	8	0.37478260869565216	0.37478260869565216
broad_supportive	Broad supportive evidence	relaxed_min8_peptide	Relaxed min-8 peptide	topn	50	tumor_dna_vaf	Tumor DNA VAF	Tumor DNA VAF	higher_better	30	0.0	-0.007333333333333327	0.0	-11	6	19	5	0.4	0.37478260869565216
broad_supportive	Broad supportive evidence	relaxed_min8_peptide_hla	Relaxed min-8 peptide + HLA	percent	10	borda	Borda	Borda_Rank	lower_better	30	0.0	-0.004619145903975625	0.0	-2	3	23	4	0.0	0.0
broad_supportive	Broad supportive evidence	relaxed_min8_peptide_hla	Relaxed min-8 peptide + HLA	percent	10	depmap_survivability	DepMap survivability	Depmap_survivability_score	lower_better	30	0.0	0.016200486296730744	0.0	-2	6	19	5	0.0	0.0
broad_supportive	Broad supportive evidence	relaxed_min8_peptide_hla	Relaxed min-8 peptide + HLA	percent	10	net_betweenness	Network betweenness	Net_Betweenness	higher_better	30	0.0	-0.021408305503742304	0.0	-9	1	23	6	0.0	0.0
broad_supportive	Broad supportive evidence	relaxed_min8_peptide_hla	Relaxed min-8 peptide + HLA	percent	10	net_degree	Network degree	Net_Degree	higher_better	30	0.0	-0.021408305503742304	0.0	-9	1	23	6	0.0	0.0
broad_supportive	Broad supportive evidence	relaxed_min8_peptide_hla	Relaxed min-8 peptide + HLA	percent	10	net_impact	Network impact	Net_Impact	higher_better	30	0.0	-0.01860718505556303	0.0	-9	1	23	6	0.0	0.0
broad_supportive	Broad supportive evidence	relaxed_min8_peptide_hla	Relaxed min-8 peptide + HLA	percent	10	net_strength	Network strength	Net_Strength	higher_better	30	0.0	-0.014685616428112055	0.0	-7	2	22	6	0.0	0.0
broad_supportive	Broad supportive evidence	relaxed_min8_peptide_hla	Relaxed min-8 peptide + HLA	percent	10	net_wci	Network WCI	Net_WCI	higher_better	30	0.0	-0.023369089817467794	0.0	-10	0	24	6	0.0	0.0
broad_supportive	Broad supportive evidence	relaxed_min8_peptide_hla	Relaxed min-8 peptide + HLA	percent	10	tumor_dna_vaf	Tumor DNA VAF	Tumor DNA VAF	higher_better	30	0.0	0.007774701032205406	0.0	-3	4	21	5	0.0	0.0
broad_supportive	Broad supportive evidence	relaxed_min8_peptide_hla	Relaxed min-8 peptide + HLA	percent	20	borda	Borda	Borda_Rank	lower_better	30	0.0	0.009428715365247873	0.0	0	6	19	5	0.0	0.0
broad_supportive	Broad supportive evidence	relaxed_min8_peptide_hla	Relaxed min-8 peptide + HLA	percent	20	depmap_survivability	DepMap survivability	Depmap_survivability_score	lower_better	30	0.0	0.013669663042728058	0.0	-3	10	13	7	0.0	0.0
broad_supportive	Broad supportive evidence	relaxed_min8_peptide_hla	Relaxed min-8 peptide + HLA	percent	20	net_betweenness	Network betweenness	Net_Betweenness	higher_better	30	0.0	-0.012780757084162658	0.0	-14	4	18	8	0.0	0.0
broad_supportive	Broad supportive evidence	relaxed_min8_peptide_hla	Relaxed min-8 peptide + HLA	percent	20	net_degree	Network degree	Net_Degree	higher_better	30	0.0	-0.005640235237758458	0.0	-8	4	21	5	0.0	0.0
broad_supportive	Broad supportive evidence	relaxed_min8_peptide_hla	Relaxed min-8 peptide + HLA	percent	20	net_impact	Network impact	Net_Impact	higher_better	30	0.0	-0.0072539126409095454	0.0	-8	3	22	5	0.0	0.0
broad_supportive	Broad supportive evidence	relaxed_min8_peptide_hla	Relaxed min-8 peptide + HLA	percent	20	net_strength	Network strength	Net_Strength	higher_better	30	0.0	-0.007042272429269334	0.0	-8	4	21	5	0.0	0.0
broad_supportive	Broad supportive evidence	relaxed_min8_peptide_hla	Relaxed min-8 peptide + HLA	percent	20	net_wci	Network WCI	Net_WCI	higher_better	30	0.0	-0.006714775135827768	0.0	-8	5	18	7	0.0	0.0
broad_supportive	Broad supportive evidence	relaxed_min8_peptide_hla	Relaxed min-8 peptide + HLA	percent	20	tumor_dna_vaf	Tumor DNA VAF	Tumor DNA VAF	higher_better	30	0.0	-0.001410363229248679	0.0	-6	5	20	5	0.0	0.0
broad_supportive	Broad supportive evidence	relaxed_min8_peptide_hla	Relaxed min-8 peptide + HLA	percent	30	borda	Borda	Borda_Rank	lower_better	30	0.0	0.001203214824018862	0.0	-8	7	14	9	0.0	0.0
broad_supportive	Broad supportive evidence	relaxed_min8_peptide_hla	Relaxed min-8 peptide + HLA	percent	30	depmap_survivability	DepMap survivability	Depmap_survivability_score	lower_better	30	0.0	0.0023735628552691494	0.0	-11	8	14	8	0.009615384615384616	0.0
broad_supportive	Broad supportive evidence	relaxed_min8_peptide_hla	Relaxed min-8 peptide + HLA	percent	30	net_betweenness	Network betweenness	Net_Betweenness	higher_better	30	0.0	-0.011537352388021149	0.0	-22	6	15	9	0.0	0.0
broad_supportive	Broad supportive evidence	relaxed_min8_peptide_hla	Relaxed min-8 peptide + HLA	percent	30	net_degree	Network degree	Net_Degree	higher_better	30	0.0	-0.00525583078252785	0.0	-11	7	16	7	0.0	0.0
broad_supportive	Broad supportive evidence	relaxed_min8_peptide_hla	Relaxed min-8 peptide + HLA	percent	30	net_impact	Network impact	Net_Impact	higher_better	30	0.0	-0.0028818987535759177	0.0	-10	7	16	7	0.0	0.0
broad_supportive	Broad supportive evidence	relaxed_min8_peptide_hla	Relaxed min-8 peptide + HLA	percent	30	net_strength	Network strength	Net_Strength	higher_better	30	0.0	-0.0037027826626951196	0.0	-11	6	17	7	0.0	0.0
broad_supportive	Broad supportive evidence	relaxed_min8_peptide_hla	Relaxed min-8 peptide + HLA	percent	30	net_wci	Network WCI	Net_WCI	higher_better	30	0.0	-0.0023598728331147597	0.0	-12	9	14	7	0.0	0.0
broad_supportive	Broad supportive evidence	relaxed_min8_peptide_hla	Relaxed min-8 peptide + HLA	percent	30	tumor_dna_vaf	Tumor DNA VAF	Tumor DNA VAF	higher_better	30	0.0	0.003736253246082586	0.0	-10	9	14	7	0.007352941176470588	0.0
broad_supportive	Broad supportive evidence	relaxed_min8_peptide_hla	Relaxed min-8 peptide + HLA	percent	40	borda	Borda	Borda_Rank	lower_better	30	0.0	-0.004610803910829973	0.0	-8	6	17	7	0.013157894736842105	0.0
broad_supportive	Broad supportive evidence	relaxed_min8_peptide_hla	Relaxed min-8 peptide + HLA	percent	40	depmap_survivability	DepMap survivability	Depmap_survivability_score	lower_better	30	0.0	-0.001459116007418663	0.0	-10	7	14	9	0.02127659574468085	0.0
broad_supportive	Broad supportive evidence	relaxed_min8_peptide_hla	Relaxed min-8 peptide + HLA	percent	40	net_betweenness	Network betweenness	Net_Betweenness	higher_better	30	0.0	-0.010936140658161607	0.0	-23	4	17	9	0.017884674683934627	0.0
broad_supportive	Broad supportive evidence	relaxed_min8_peptide_hla	Relaxed min-8 peptide + HLA	percent	40	net_degree	Network degree	Net_Degree	higher_better	30	0.0	-0.006065824208284893	0.0	-9	5	17	8	0.014492753623188406	0.0
broad_supportive	Broad supportive evidence	relaxed_min8_peptide_hla	Relaxed min-8 peptide + HLA	percent	40	net_impact	Network impact	Net_Impact	higher_better	30	0.0	-0.008409474537950351	0.0	-10	6	16	8	0.007246376811594203	0.0
broad_supportive	Broad supportive evidence	relaxed_min8_peptide_hla	Relaxed min-8 peptide + HLA	percent	40	net_strength	Network strength	Net_Strength	higher_better	30	0.0	-0.008155731433143416	0.0	-11	6	16	8	0.007246376811594203	0.0
broad_supportive	Broad supportive evidence	relaxed_min8_peptide_hla	Relaxed min-8 peptide + HLA	percent	40	net_wci	Network WCI	Net_WCI	higher_better	30	0.0	-0.004318365581792692	0.0	-11	6	19	5	0.01906906906906907	0.0
broad_supportive	Broad supportive evidence	relaxed_min8_peptide_hla	Relaxed min-8 peptide + HLA	percent	40	tumor_dna_vaf	Tumor DNA VAF	Tumor DNA VAF	higher_better	30	0.0	-0.004963861067898438	0.0	-11	8	11	11	0.02513105149552883	0.0
broad_supportive	Broad supportive evidence	relaxed_min8_peptide_hla	Relaxed min-8 peptide + HLA	percent	50	borda	Borda	Borda_Rank	lower_better	30	0.0	-0.00188564349135171	0.0	-3	6	18	6	0.03257415254237288	0.016683518705763397
broad_supportive	Broad supportive evidence	relaxed_min8_peptide_hla	Relaxed min-8 peptide + HLA	percent	50	depmap_survivability	DepMap survivability	Depmap_survivability_score	lower_better	30	0.0	-0.005273115779505329	0.0	-14	5	17	8	0.036901595744680854	0.016683518705763397
broad_supportive	Broad supportive evidence	relaxed_min8_peptide_hla	Relaxed min-8 peptide + HLA	percent	50	net_betweenness	Network betweenness	Net_Betweenness	higher_better	30	0.0	-0.004091882197006507	0.0	-16	5	14	11	0.02249747219413549	0.016683518705763397
broad_supportive	Broad supportive evidence	relaxed_min8_peptide_hla	Relaxed min-8 peptide + HLA	percent	50	net_degree	Network degree	Net_Degree	higher_better	30	0.0	-0.0033446694396786778	0.0	-8	5	17	8	0.03257415254237288	0.016683518705763397
broad_supportive	Broad supportive evidence	relaxed_min8_peptide_hla	Relaxed min-8 peptide + HLA	percent	50	net_impact	Network impact	Net_Impact	higher_better	30	0.0	-0.007899474744535014	0.0	-12	3	19	8	0.020102483247930625	0.016683518705763397
broad_supportive	Broad supportive evidence	relaxed_min8_peptide_hla	Relaxed min-8 peptide + HLA	percent	50	net_strength	Network strength	Net_Strength	higher_better	30	0.0	-0.006652834256467819	0.0	-10	5	17	8	0.027252906976744186	0.016683518705763397
broad_supportive	Broad supportive evidence	relaxed_min8_peptide_hla	Relaxed min-8 peptide + HLA	percent	50	net_wci	Network WCI	Net_WCI	higher_better	30	0.0	-0.0068540970540393415	0.0	-13	4	18	8	0.023255813953488372	0.016683518705763397
broad_supportive	Broad supportive evidence	relaxed_min8_peptide_hla	Relaxed min-8 peptide + HLA	percent	50	tumor_dna_vaf	Tumor DNA VAF	Tumor DNA VAF	higher_better	30	0.0	-0.0030114000834198557	0.0	-11	6	16	8	0.029017857142857144	0.016683518705763397
broad_supportive	Broad supportive evidence	relaxed_min8_peptide_hla	Relaxed min-8 peptide + HLA	percent	60	borda	Borda	Borda_Rank	lower_better	30	0.0	-0.0005173430610465979	0.0	-4	5	17	8	0.03421052631578947	0.026472431077694234
broad_supportive	Broad supportive evidence	relaxed_min8_peptide_hla	Relaxed min-8 peptide + HLA	percent	60	depmap_survivability	DepMap survivability	Depmap_survivability_score	lower_better	30	0.0	-0.0007293496718277115	0.0	-8	6	17	7	0.037274618585298194	0.026472431077694234
broad_supportive	Broad supportive evidence	relaxed_min8_peptide_hla	Relaxed min-8 peptide + HLA	percent	60	net_betweenness	Network betweenness	Net_Betweenness	higher_better	30	0.0	-0.002279929842219212	0.0	-18	4	18	8	0.03239534479763766	0.026472431077694234
broad_supportive	Broad supportive evidence	relaxed_min8_peptide_hla	Relaxed min-8 peptide + HLA	percent	60	net_degree	Network degree	Net_Degree	higher_better	30	0.0	-0.0019207729122151652	0.0	-7	5	16	9	0.031229773462783172	0.026472431077694234
broad_supportive	Broad supportive evidence	relaxed_min8_peptide_hla	Relaxed min-8 peptide + HLA	percent	60	net_impact	Network impact	Net_Impact	higher_better	30	0.0	-0.0015688852482974261	0.0	-8	5	16	9	0.031229773462783172	0.026472431077694234
broad_supportive	Broad supportive evidence	relaxed_min8_peptide_hla	Relaxed min-8 peptide + HLA	percent	60	net_strength	Network strength	Net_Strength	higher_better	30	0.0	-0.002038368816372544	0.0	-9	5	16	9	0.031229773462783172	0.026472431077694234
broad_supportive	Broad supportive evidence	relaxed_min8_peptide_hla	Relaxed min-8 peptide + HLA	percent	60	net_wci	Network WCI	Net_WCI	higher_better	30	0.0	-0.002265959394399071	0.0	-11	5	17	8	0.027598020555767037	0.026472431077694234
broad_supportive	Broad supportive evidence	relaxed_min8_peptide_hla	Relaxed min-8 peptide + HLA	percent	60	tumor_dna_vaf	Tumor DNA VAF	Tumor DNA VAF	higher_better	30	0.0	-2.7838245814096793e-05	0.0	-6	7	17	6	0.03242024965325936	0.026472431077694234
broad_supportive	Broad supportive evidence	relaxed_min8_peptide_hla	Relaxed min-8 peptide + HLA	topn	10	borda	Borda	Borda_Rank	lower_better	30	0.0	-0.02	0.0	-6	4	21	5	0.0	0.0
broad_supportive	Broad supportive evidence	relaxed_min8_peptide_hla	Relaxed min-8 peptide + HLA	topn	10	depmap_survivability	DepMap survivability	Depmap_survivability_score	lower_better	30	0.0	-0.006666666666666667	0.0	-2	8	16	6	0.0	0.0
broad_supportive	Broad supportive evidence	relaxed_min8_peptide_hla	Relaxed min-8 peptide + HLA	topn	10	net_betweenness	Network betweenness	Net_Betweenness	higher_better	30	0.0	-0.02333333333333333	0.0	-7	4	20	6	0.0	0.0
broad_supportive	Broad supportive evidence	relaxed_min8_peptide_hla	Relaxed min-8 peptide + HLA	topn	10	net_degree	Network degree	Net_Degree	higher_better	30	0.0	-0.02	0.0	-6	4	21	5	0.0	0.0
broad_supportive	Broad supportive evidence	relaxed_min8_peptide_hla	Relaxed min-8 peptide + HLA	topn	10	net_impact	Network impact	Net_Impact	higher_better	30	0.0	-0.02	0.0	-6	5	19	6	0.0	0.0
broad_supportive	Broad supportive evidence	relaxed_min8_peptide_hla	Relaxed min-8 peptide + HLA	topn	10	net_strength	Network strength	Net_Strength	higher_better	30	0.0	-0.02	0.0	-6	5	19	6	0.0	0.0
broad_supportive	Broad supportive evidence	relaxed_min8_peptide_hla	Relaxed min-8 peptide + HLA	topn	10	net_wci	Network WCI	Net_WCI	higher_better	30	0.0	-0.02333333333333333	0.0	-7	3	21	6	0.0	0.0
broad_supportive	Broad supportive evidence	relaxed_min8_peptide_hla	Relaxed min-8 peptide + HLA	topn	10	tumor_dna_vaf	Tumor DNA VAF	Tumor DNA VAF	higher_better	30	0.0	-0.006666666666666665	0.0	-2	5	20	5	0.0	0.0
broad_supportive	Broad supportive evidence	relaxed_min8_peptide_hla	Relaxed min-8 peptide + HLA	topn	20	borda	Borda	Borda_Rank	lower_better	30	0.0	-0.004999999999999999	0.0	-3	5	19	6	0.0	0.0
broad_supportive	Broad supportive evidence	relaxed_min8_peptide_hla	Relaxed min-8 peptide + HLA	topn	20	depmap_survivability	DepMap survivability	Depmap_survivability_score	lower_better	30	0.0	-0.011666666666666665	0.0	-7	6	17	7	0.0	0.0
broad_supportive	Broad supportive evidence	relaxed_min8_peptide_hla	Relaxed min-8 peptide + HLA	topn	20	net_betweenness	Network betweenness	Net_Betweenness	higher_better	30	0.0	-0.02	0.0	-12	4	18	8	0.0	0.0
broad_supportive	Broad supportive evidence	relaxed_min8_peptide_hla	Relaxed min-8 peptide + HLA	topn	20	net_degree	Network degree	Net_Degree	higher_better	30	0.0	-0.021666666666666667	0.0	-13	2	20	8	0.0	0.0
broad_supportive	Broad supportive evidence	relaxed_min8_peptide_hla	Relaxed min-8 peptide + HLA	topn	20	net_impact	Network impact	Net_Impact	higher_better	30	0.0	-0.02333333333333333	0.0	-14	2	21	7	0.0	0.0
broad_supportive	Broad supportive evidence	relaxed_min8_peptide_hla	Relaxed min-8 peptide + HLA	topn	20	net_strength	Network strength	Net_Strength	higher_better	30	0.0	-0.021666666666666667	0.0	-13	2	21	7	0.0	0.0
broad_supportive	Broad supportive evidence	relaxed_min8_peptide_hla	Relaxed min-8 peptide + HLA	topn	20	net_wci	Network WCI	Net_WCI	higher_better	30	0.0	-0.021666666666666667	0.0	-13	5	17	8	0.0	0.0
broad_supportive	Broad supportive evidence	relaxed_min8_peptide_hla	Relaxed min-8 peptide + HLA	topn	20	tumor_dna_vaf	Tumor DNA VAF	Tumor DNA VAF	higher_better	30	0.0	-0.013333333333333334	0.0	-8	4	19	7	0.0	0.0
broad_supportive	Broad supportive evidence	relaxed_min8_peptide_hla	Relaxed min-8 peptide + HLA	topn	30	borda	Borda	Borda_Rank	lower_better	30	0.0	-0.002222222222222222	0.0	-2	6	18	6	0.03333333333333333	0.016666666666666666
broad_supportive	Broad supportive evidence	relaxed_min8_peptide_hla	Relaxed min-8 peptide + HLA	topn	30	depmap_survivability	DepMap survivability	Depmap_survivability_score	lower_better	30	0.0	-0.0022222222222222227	0.0	-2	8	17	5	0.03333333333333333	0.016666666666666666
broad_supportive	Broad supportive evidence	relaxed_min8_peptide_hla	Relaxed min-8 peptide + HLA	topn	30	net_betweenness	Network betweenness	Net_Betweenness	higher_better	30	0.0	-0.013333333333333334	0.0	-12	3	19	8	0.0	0.016666666666666666
broad_supportive	Broad supportive evidence	relaxed_min8_peptide_hla	Relaxed min-8 peptide + HLA	topn	30	net_degree	Network degree	Net_Degree	higher_better	30	0.0	-0.007777777777777778	0.0	-7	4	19	7	0.0	0.016666666666666666
broad_supportive	Broad supportive evidence	relaxed_min8_peptide_hla	Relaxed min-8 peptide + HLA	topn	30	net_impact	Network impact	Net_Impact	higher_better	30	0.0	-0.013333333333333334	0.0	-12	3	18	9	0.0	0.016666666666666666
broad_supportive	Broad supportive evidence	relaxed_min8_peptide_hla	Relaxed min-8 peptide + HLA	topn	30	net_strength	Network strength	Net_Strength	higher_better	30	0.0	-0.011111111111111112	0.0	-10	3	20	7	0.0	0.016666666666666666
broad_supportive	Broad supportive evidence	relaxed_min8_peptide_hla	Relaxed min-8 peptide + HLA	topn	30	net_wci	Network WCI	Net_WCI	higher_better	30	0.0	-0.011111111111111112	0.0	-10	4	19	7	0.0	0.016666666666666666
broad_supportive	Broad supportive evidence	relaxed_min8_peptide_hla	Relaxed min-8 peptide + HLA	topn	30	tumor_dna_vaf	Tumor DNA VAF	Tumor DNA VAF	higher_better	30	0.0	-0.0022222222222222227	0.0	-2	6	19	5	0.03333333333333333	0.016666666666666666
broad_supportive	Broad supportive evidence	relaxed_min8_peptide_hla	Relaxed min-8 peptide + HLA	topn	40	borda	Borda	Borda_Rank	lower_better	30	0.0	-0.0016666666666666663	0.0	-2	4	20	6	0.027205882352941177	0.0125
broad_supportive	Broad supportive evidence	relaxed_min8_peptide_hla	Relaxed min-8 peptide + HLA	topn	40	depmap_survivability	DepMap survivability	Depmap_survivability_score	lower_better	30	0.0	-0.005	0.0	-6	5	19	6	0.025	0.0125
broad_supportive	Broad supportive evidence	relaxed_min8_peptide_hla	Relaxed min-8 peptide + HLA	topn	40	net_betweenness	Network betweenness	Net_Betweenness	higher_better	30	0.0	-0.010833333333333332	0.0	-13	3	18	9	0.025	0.0125
broad_supportive	Broad supportive evidence	relaxed_min8_peptide_hla	Relaxed min-8 peptide + HLA	topn	40	net_degree	Network degree	Net_Degree	higher_better	30	0.0	-0.004999999999999999	0.0	-6	3	23	4	0.025	0.0125
broad_supportive	Broad supportive evidence	relaxed_min8_peptide_hla	Relaxed min-8 peptide + HLA	topn	40	net_impact	Network impact	Net_Impact	higher_better	30	0.0	-0.005	0.0	-6	5	20	5	0.025	0.0125
broad_supportive	Broad supportive evidence	relaxed_min8_peptide_hla	Relaxed min-8 peptide + HLA	topn	40	net_strength	Network strength	Net_Strength	higher_better	30	0.0	-0.005833333333333333	0.0	-7	4	21	5	0.0125	0.0125
broad_supportive	Broad supportive evidence	relaxed_min8_peptide_hla	Relaxed min-8 peptide + HLA	topn	40	net_wci	Network WCI	Net_WCI	higher_better	30	0.0	-0.0033333333333333335	0.0	-4	6	20	4	0.025	0.0125
broad_supportive	Broad supportive evidence	relaxed_min8_peptide_hla	Relaxed min-8 peptide + HLA	topn	40	tumor_dna_vaf	Tumor DNA VAF	Tumor DNA VAF	higher_better	30	0.0	-0.005	0.0	-6	5	18	7	0.025	0.0125
broad_supportive	Broad supportive evidence	relaxed_min8_peptide_hla	Relaxed min-8 peptide + HLA	topn	50	borda	Borda	Borda_Rank	lower_better	30	0.0	-0.0026666666666666666	0.0	-4	3	21	6	0.03256302521008403	0.02557544757033248
broad_supportive	Broad supportive evidence	relaxed_min8_peptide_hla	Relaxed min-8 peptide + HLA	topn	50	depmap_survivability	DepMap survivability	Depmap_survivability_score	lower_better	30	0.0	-0.008	0.0	-12	3	20	7	0.020869565217391306	0.02557544757033248
broad_supportive	Broad supportive evidence	relaxed_min8_peptide_hla	Relaxed min-8 peptide + HLA	topn	50	net_betweenness	Network betweenness	Net_Betweenness	higher_better	30	0.0	-0.013333333333333334	0.0	-20	1	21	8	0.02	0.02557544757033248
broad_supportive	Broad supportive evidence	relaxed_min8_peptide_hla	Relaxed min-8 peptide + HLA	topn	50	net_degree	Network degree	Net_Degree	higher_better	30	0.0	-0.008	0.0	-12	2	21	7	0.020869565217391306	0.02557544757033248
broad_supportive	Broad supportive evidence	relaxed_min8_peptide_hla	Relaxed min-8 peptide + HLA	topn	50	net_impact	Network impact	Net_Impact	higher_better	30	0.0	-0.007333333333333332	0.0	-11	2	21	7	0.020869565217391306	0.02557544757033248
broad_supportive	Broad supportive evidence	relaxed_min8_peptide_hla	Relaxed min-8 peptide + HLA	topn	50	net_strength	Network strength	Net_Strength	higher_better	30	0.0	-0.008	0.0	-12	2	22	6	0.010869565217391304	0.02557544757033248
broad_supportive	Broad supportive evidence	relaxed_min8_peptide_hla	Relaxed min-8 peptide + HLA	topn	50	net_wci	Network WCI	Net_WCI	higher_better	30	0.0	-0.008666666666666666	0.0	-13	2	22	6	0.02557544757033248	0.02557544757033248
broad_supportive	Broad supportive evidence	relaxed_min8_peptide_hla	Relaxed min-8 peptide + HLA	topn	50	tumor_dna_vaf	Tumor DNA VAF	Tumor DNA VAF	higher_better	30	0.0	-0.007333333333333333	0.0	-11	4	19	7	0.020869565217391306	0.02557544757033248
strict_positive_experimental	Strict positive experimental evidence	exact_peptide	Exact peptide	percent	10	borda	Borda	Borda_Rank	lower_better	30	0.0	0.0	0.0	0	0	30	0	0.0	0.0
strict_positive_experimental	Strict positive experimental evidence	exact_peptide	Exact peptide	percent	10	depmap_survivability	DepMap survivability	Depmap_survivability_score	lower_better	30	0.0	0.0	0.0	0	0	30	0	0.0	0.0
strict_positive_experimental	Strict positive experimental evidence	exact_peptide	Exact peptide	percent	10	net_betweenness	Network betweenness	Net_Betweenness	higher_better	30	0.0	0.0	0.0	0	0	30	0	0.0	0.0
strict_positive_experimental	Strict positive experimental evidence	exact_peptide	Exact peptide	percent	10	net_degree	Network degree	Net_Degree	higher_better	30	0.0	0.0	0.0	0	0	30	0	0.0	0.0
strict_positive_experimental	Strict positive experimental evidence	exact_peptide	Exact peptide	percent	10	net_impact	Network impact	Net_Impact	higher_better	30	0.0	0.0	0.0	0	0	30	0	0.0	0.0
strict_positive_experimental	Strict positive experimental evidence	exact_peptide	Exact peptide	percent	10	net_strength	Network strength	Net_Strength	higher_better	30	0.0	0.0	0.0	0	0	30	0	0.0	0.0
strict_positive_experimental	Strict positive experimental evidence	exact_peptide	Exact peptide	percent	10	net_wci	Network WCI	Net_WCI	higher_better	30	0.0	0.0	0.0	0	0	30	0	0.0	0.0
strict_positive_experimental	Strict positive experimental evidence	exact_peptide	Exact peptide	percent	10	tumor_dna_vaf	Tumor DNA VAF	Tumor DNA VAF	higher_better	30	0.0	0.0	0.0	0	0	30	0	0.0	0.0
strict_positive_experimental	Strict positive experimental evidence	exact_peptide	Exact peptide	percent	20	borda	Borda	Borda_Rank	lower_better	30	0.0	0.0	0.0	0	0	30	0	0.0	0.0
strict_positive_experimental	Strict positive experimental evidence	exact_peptide	Exact peptide	percent	20	depmap_survivability	DepMap survivability	Depmap_survivability_score	lower_better	30	0.0	0.0	0.0	0	0	30	0	0.0	0.0
strict_positive_experimental	Strict positive experimental evidence	exact_peptide	Exact peptide	percent	20	net_betweenness	Network betweenness	Net_Betweenness	higher_better	30	0.0	0.0	0.0	0	0	30	0	0.0	0.0
strict_positive_experimental	Strict positive experimental evidence	exact_peptide	Exact peptide	percent	20	net_degree	Network degree	Net_Degree	higher_better	30	0.0	0.0	0.0	0	0	30	0	0.0	0.0
strict_positive_experimental	Strict positive experimental evidence	exact_peptide	Exact peptide	percent	20	net_impact	Network impact	Net_Impact	higher_better	30	0.0	0.0	0.0	0	0	30	0	0.0	0.0
strict_positive_experimental	Strict positive experimental evidence	exact_peptide	Exact peptide	percent	20	net_strength	Network strength	Net_Strength	higher_better	30	0.0	0.0	0.0	0	0	30	0	0.0	0.0
strict_positive_experimental	Strict positive experimental evidence	exact_peptide	Exact peptide	percent	20	net_wci	Network WCI	Net_WCI	higher_better	30	0.0	0.0007407407407407408	0.0	1	1	29	0	0.0	0.0
strict_positive_experimental	Strict positive experimental evidence	exact_peptide	Exact peptide	percent	20	tumor_dna_vaf	Tumor DNA VAF	Tumor DNA VAF	higher_better	30	0.0	0.0	0.0	0	0	30	0	0.0	0.0
strict_positive_experimental	Strict positive experimental evidence	exact_peptide	Exact peptide	percent	30	borda	Borda	Borda_Rank	lower_better	30	0.0	0.0	0.0	0	0	30	0	0.0	0.0
strict_positive_experimental	Strict positive experimental evidence	exact_peptide	Exact peptide	percent	30	depmap_survivability	DepMap survivability	Depmap_survivability_score	lower_better	30	0.0	0.0	0.0	0	0	30	0	0.0	0.0
strict_positive_experimental	Strict positive experimental evidence	exact_peptide	Exact peptide	percent	30	net_betweenness	Network betweenness	Net_Betweenness	higher_better	30	0.0	0.0	0.0	0	0	30	0	0.0	0.0
strict_positive_experimental	Strict positive experimental evidence	exact_peptide	Exact peptide	percent	30	net_degree	Network degree	Net_Degree	higher_better	30	0.0	0.0	0.0	0	0	30	0	0.0	0.0
strict_positive_experimental	Strict positive experimental evidence	exact_peptide	Exact peptide	percent	30	net_impact	Network impact	Net_Impact	higher_better	30	0.0	0.0	0.0	0	0	30	0	0.0	0.0
strict_positive_experimental	Strict positive experimental evidence	exact_peptide	Exact peptide	percent	30	net_strength	Network strength	Net_Strength	higher_better	30	0.0	0.0	0.0	0	0	30	0	0.0	0.0
strict_positive_experimental	Strict positive experimental evidence	exact_peptide	Exact peptide	percent	30	net_wci	Network WCI	Net_WCI	higher_better	30	0.0	0.0004901960784313725	0.0	1	1	29	0	0.0	0.0
strict_positive_experimental	Strict positive experimental evidence	exact_peptide	Exact peptide	percent	30	tumor_dna_vaf	Tumor DNA VAF	Tumor DNA VAF	higher_better	30	0.0	0.0	0.0	0	0	30	0	0.0	0.0
strict_positive_experimental	Strict positive experimental evidence	exact_peptide	Exact peptide	percent	40	borda	Borda	Borda_Rank	lower_better	30	0.0	0.0	0.0	0	0	30	0	0.0	0.0
strict_positive_experimental	Strict positive experimental evidence	exact_peptide	Exact peptide	percent	40	depmap_survivability	DepMap survivability	Depmap_survivability_score	lower_better	30	0.0	0.0	0.0	0	0	30	0	0.0	0.0
strict_positive_experimental	Strict positive experimental evidence	exact_peptide	Exact peptide	percent	40	net_betweenness	Network betweenness	Net_Betweenness	higher_better	30	0.0	0.0	0.0	0	0	30	0	0.0	0.0
strict_positive_experimental	Strict positive experimental evidence	exact_peptide	Exact peptide	percent	40	net_degree	Network degree	Net_Degree	higher_better	30	0.0	0.0	0.0	0	0	30	0	0.0	0.0
strict_positive_experimental	Strict positive experimental evidence	exact_peptide	Exact peptide	percent	40	net_impact	Network impact	Net_Impact	higher_better	30	0.0	0.0	0.0	0	0	30	0	0.0	0.0
strict_positive_experimental	Strict positive experimental evidence	exact_peptide	Exact peptide	percent	40	net_strength	Network strength	Net_Strength	higher_better	30	0.0	0.0	0.0	0	0	30	0	0.0	0.0
strict_positive_experimental	Strict positive experimental evidence	exact_peptide	Exact peptide	percent	40	net_wci	Network WCI	Net_WCI	higher_better	30	0.0	0.0003703703703703704	0.0	1	1	29	0	0.0	0.0
strict_positive_experimental	Strict positive experimental evidence	exact_peptide	Exact peptide	percent	40	tumor_dna_vaf	Tumor DNA VAF	Tumor DNA VAF	higher_better	30	0.0	0.0	0.0	0	0	30	0	0.0	0.0
strict_positive_experimental	Strict positive experimental evidence	exact_peptide	Exact peptide	percent	50	borda	Borda	Borda_Rank	lower_better	30	0.0	0.0	0.0	0	0	30	0	0.0	0.0
strict_positive_experimental	Strict positive experimental evidence	exact_peptide	Exact peptide	percent	50	depmap_survivability	DepMap survivability	Depmap_survivability_score	lower_better	30	0.0	0.0	0.0	0	0	30	0	0.0	0.0
strict_positive_experimental	Strict positive experimental evidence	exact_peptide	Exact peptide	percent	50	net_betweenness	Network betweenness	Net_Betweenness	higher_better	30	0.0	0.0	0.0	0	0	30	0	0.0	0.0
strict_positive_experimental	Strict positive experimental evidence	exact_peptide	Exact peptide	percent	50	net_degree	Network degree	Net_Degree	higher_better	30	0.0	0.0	0.0	0	0	30	0	0.0	0.0
strict_positive_experimental	Strict positive experimental evidence	exact_peptide	Exact peptide	percent	50	net_impact	Network impact	Net_Impact	higher_better	30	0.0	0.0	0.0	0	0	30	0	0.0	0.0
strict_positive_experimental	Strict positive experimental evidence	exact_peptide	Exact peptide	percent	50	net_strength	Network strength	Net_Strength	higher_better	30	0.0	0.0	0.0	0	0	30	0	0.0	0.0
strict_positive_experimental	Strict positive experimental evidence	exact_peptide	Exact peptide	percent	50	net_wci	Network WCI	Net_WCI	higher_better	30	0.0	0.0002976190476190476	0.0	1	1	29	0	0.0	0.0
strict_positive_experimental	Strict positive experimental evidence	exact_peptide	Exact peptide	percent	50	tumor_dna_vaf	Tumor DNA VAF	Tumor DNA VAF	higher_better	30	0.0	0.0	0.0	0	0	30	0	0.0	0.0
strict_positive_experimental	Strict positive experimental evidence	exact_peptide	Exact peptide	percent	60	borda	Borda	Borda_Rank	lower_better	30	0.0	-0.0002469135802469136	0.0	-1	0	29	1	0.0	0.0
strict_positive_experimental	Strict positive experimental evidence	exact_peptide	Exact peptide	percent	60	depmap_survivability	DepMap survivability	Depmap_survivability_score	lower_better	30	0.0	-0.0002469135802469136	0.0	-1	0	29	1	0.0	0.0
strict_positive_experimental	Strict positive experimental evidence	exact_peptide	Exact peptide	percent	60	net_betweenness	Network betweenness	Net_Betweenness	higher_better	30	0.0	-0.0002469135802469136	0.0	-1	0	29	1	0.0	0.0
strict_positive_experimental	Strict positive experimental evidence	exact_peptide	Exact peptide	percent	60	net_degree	Network degree	Net_Degree	higher_better	30	0.0	-0.0002469135802469136	0.0	-1	0	29	1	0.0	0.0
strict_positive_experimental	Strict positive experimental evidence	exact_peptide	Exact peptide	percent	60	net_impact	Network impact	Net_Impact	higher_better	30	0.0	-0.0002469135802469136	0.0	-1	0	29	1	0.0	0.0
strict_positive_experimental	Strict positive experimental evidence	exact_peptide	Exact peptide	percent	60	net_strength	Network strength	Net_Strength	higher_better	30	0.0	-0.0002469135802469136	0.0	-1	0	29	1	0.0	0.0
strict_positive_experimental	Strict positive experimental evidence	exact_peptide	Exact peptide	percent	60	net_wci	Network WCI	Net_WCI	higher_better	30	0.0	0.0	0.0	0	0	30	0	0.0	0.0
strict_positive_experimental	Strict positive experimental evidence	exact_peptide	Exact peptide	percent	60	tumor_dna_vaf	Tumor DNA VAF	Tumor DNA VAF	higher_better	30	0.0	-0.0002469135802469136	0.0	-1	0	29	1	0.0	0.0
strict_positive_experimental	Strict positive experimental evidence	exact_peptide	Exact peptide	topn	10	borda	Borda	Borda_Rank	lower_better	30	0.0	0.0	0.0	0	0	30	0	0.0	0.0
strict_positive_experimental	Strict positive experimental evidence	exact_peptide	Exact peptide	topn	10	depmap_survivability	DepMap survivability	Depmap_survivability_score	lower_better	30	0.0	0.0	0.0	0	0	30	0	0.0	0.0
strict_positive_experimental	Strict positive experimental evidence	exact_peptide	Exact peptide	topn	10	net_betweenness	Network betweenness	Net_Betweenness	higher_better	30	0.0	0.0	0.0	0	0	30	0	0.0	0.0
strict_positive_experimental	Strict positive experimental evidence	exact_peptide	Exact peptide	topn	10	net_degree	Network degree	Net_Degree	higher_better	30	0.0	0.0	0.0	0	0	30	0	0.0	0.0
strict_positive_experimental	Strict positive experimental evidence	exact_peptide	Exact peptide	topn	10	net_impact	Network impact	Net_Impact	higher_better	30	0.0	0.0	0.0	0	0	30	0	0.0	0.0
strict_positive_experimental	Strict positive experimental evidence	exact_peptide	Exact peptide	topn	10	net_strength	Network strength	Net_Strength	higher_better	30	0.0	0.0	0.0	0	0	30	0	0.0	0.0
strict_positive_experimental	Strict positive experimental evidence	exact_peptide	Exact peptide	topn	10	net_wci	Network WCI	Net_WCI	higher_better	30	0.0	0.0	0.0	0	0	30	0	0.0	0.0
strict_positive_experimental	Strict positive experimental evidence	exact_peptide	Exact peptide	topn	10	tumor_dna_vaf	Tumor DNA VAF	Tumor DNA VAF	higher_better	30	0.0	0.0	0.0	0	0	30	0	0.0	0.0
strict_positive_experimental	Strict positive experimental evidence	exact_peptide	Exact peptide	topn	20	borda	Borda	Borda_Rank	lower_better	30	0.0	0.0	0.0	0	0	30	0	0.0	0.0
strict_positive_experimental	Strict positive experimental evidence	exact_peptide	Exact peptide	topn	20	depmap_survivability	DepMap survivability	Depmap_survivability_score	lower_better	30	0.0	0.0	0.0	0	0	30	0	0.0	0.0
strict_positive_experimental	Strict positive experimental evidence	exact_peptide	Exact peptide	topn	20	net_betweenness	Network betweenness	Net_Betweenness	higher_better	30	0.0	0.0	0.0	0	0	30	0	0.0	0.0
strict_positive_experimental	Strict positive experimental evidence	exact_peptide	Exact peptide	topn	20	net_degree	Network degree	Net_Degree	higher_better	30	0.0	0.0	0.0	0	0	30	0	0.0	0.0
strict_positive_experimental	Strict positive experimental evidence	exact_peptide	Exact peptide	topn	20	net_impact	Network impact	Net_Impact	higher_better	30	0.0	0.0	0.0	0	0	30	0	0.0	0.0
strict_positive_experimental	Strict positive experimental evidence	exact_peptide	Exact peptide	topn	20	net_strength	Network strength	Net_Strength	higher_better	30	0.0	0.0	0.0	0	0	30	0	0.0	0.0
strict_positive_experimental	Strict positive experimental evidence	exact_peptide	Exact peptide	topn	20	net_wci	Network WCI	Net_WCI	higher_better	30	0.0	0.0	0.0	0	0	30	0	0.0	0.0
strict_positive_experimental	Strict positive experimental evidence	exact_peptide	Exact peptide	topn	20	tumor_dna_vaf	Tumor DNA VAF	Tumor DNA VAF	higher_better	30	0.0	0.0	0.0	0	0	30	0	0.0	0.0
strict_positive_experimental	Strict positive experimental evidence	exact_peptide	Exact peptide	topn	30	borda	Borda	Borda_Rank	lower_better	30	0.0	0.0	0.0	0	0	30	0	0.0	0.0
strict_positive_experimental	Strict positive experimental evidence	exact_peptide	Exact peptide	topn	30	depmap_survivability	DepMap survivability	Depmap_survivability_score	lower_better	30	0.0	0.0	0.0	0	0	30	0	0.0	0.0
strict_positive_experimental	Strict positive experimental evidence	exact_peptide	Exact peptide	topn	30	net_betweenness	Network betweenness	Net_Betweenness	higher_better	30	0.0	0.0	0.0	0	0	30	0	0.0	0.0
strict_positive_experimental	Strict positive experimental evidence	exact_peptide	Exact peptide	topn	30	net_degree	Network degree	Net_Degree	higher_better	30	0.0	0.0	0.0	0	0	30	0	0.0	0.0
strict_positive_experimental	Strict positive experimental evidence	exact_peptide	Exact peptide	topn	30	net_impact	Network impact	Net_Impact	higher_better	30	0.0	0.0	0.0	0	0	30	0	0.0	0.0
strict_positive_experimental	Strict positive experimental evidence	exact_peptide	Exact peptide	topn	30	net_strength	Network strength	Net_Strength	higher_better	30	0.0	0.0	0.0	0	0	30	0	0.0	0.0
strict_positive_experimental	Strict positive experimental evidence	exact_peptide	Exact peptide	topn	30	net_wci	Network WCI	Net_WCI	higher_better	30	0.0	0.0	0.0	0	0	30	0	0.0	0.0
strict_positive_experimental	Strict positive experimental evidence	exact_peptide	Exact peptide	topn	30	tumor_dna_vaf	Tumor DNA VAF	Tumor DNA VAF	higher_better	30	0.0	0.0	0.0	0	0	30	0	0.0	0.0
strict_positive_experimental	Strict positive experimental evidence	exact_peptide	Exact peptide	topn	40	borda	Borda	Borda_Rank	lower_better	30	0.0	0.0	0.0	0	0	30	0	0.0	0.0
strict_positive_experimental	Strict positive experimental evidence	exact_peptide	Exact peptide	topn	40	depmap_survivability	DepMap survivability	Depmap_survivability_score	lower_better	30	0.0	0.0	0.0	0	0	30	0	0.0	0.0
strict_positive_experimental	Strict positive experimental evidence	exact_peptide	Exact peptide	topn	40	net_betweenness	Network betweenness	Net_Betweenness	higher_better	30	0.0	0.0	0.0	0	0	30	0	0.0	0.0
strict_positive_experimental	Strict positive experimental evidence	exact_peptide	Exact peptide	topn	40	net_degree	Network degree	Net_Degree	higher_better	30	0.0	0.0	0.0	0	0	30	0	0.0	0.0
strict_positive_experimental	Strict positive experimental evidence	exact_peptide	Exact peptide	topn	40	net_impact	Network impact	Net_Impact	higher_better	30	0.0	0.0	0.0	0	0	30	0	0.0	0.0
strict_positive_experimental	Strict positive experimental evidence	exact_peptide	Exact peptide	topn	40	net_strength	Network strength	Net_Strength	higher_better	30	0.0	0.0	0.0	0	0	30	0	0.0	0.0
strict_positive_experimental	Strict positive experimental evidence	exact_peptide	Exact peptide	topn	40	net_wci	Network WCI	Net_WCI	higher_better	30	0.0	0.0	0.0	0	0	30	0	0.0	0.0
strict_positive_experimental	Strict positive experimental evidence	exact_peptide	Exact peptide	topn	40	tumor_dna_vaf	Tumor DNA VAF	Tumor DNA VAF	higher_better	30	0.0	0.0	0.0	0	0	30	0	0.0	0.0
strict_positive_experimental	Strict positive experimental evidence	exact_peptide	Exact peptide	topn	50	borda	Borda	Borda_Rank	lower_better	30	0.0	0.0	0.0	0	0	30	0	0.0	0.0
strict_positive_experimental	Strict positive experimental evidence	exact_peptide	Exact peptide	topn	50	depmap_survivability	DepMap survivability	Depmap_survivability_score	lower_better	30	0.0	0.0	0.0	0	0	30	0	0.0	0.0
strict_positive_experimental	Strict positive experimental evidence	exact_peptide	Exact peptide	topn	50	net_betweenness	Network betweenness	Net_Betweenness	higher_better	30	0.0	0.0	0.0	0	0	30	0	0.0	0.0
strict_positive_experimental	Strict positive experimental evidence	exact_peptide	Exact peptide	topn	50	net_degree	Network degree	Net_Degree	higher_better	30	0.0	0.0	0.0	0	0	30	0	0.0	0.0
strict_positive_experimental	Strict positive experimental evidence	exact_peptide	Exact peptide	topn	50	net_impact	Network impact	Net_Impact	higher_better	30	0.0	0.0	0.0	0	0	30	0	0.0	0.0
strict_positive_experimental	Strict positive experimental evidence	exact_peptide	Exact peptide	topn	50	net_strength	Network strength	Net_Strength	higher_better	30	0.0	0.0	0.0	0	0	30	0	0.0	0.0
strict_positive_experimental	Strict positive experimental evidence	exact_peptide	Exact peptide	topn	50	net_wci	Network WCI	Net_WCI	higher_better	30	0.0	0.0006666666666666666	0.0	1	1	29	0	0.0	0.0
strict_positive_experimental	Strict positive experimental evidence	exact_peptide	Exact peptide	topn	50	tumor_dna_vaf	Tumor DNA VAF	Tumor DNA VAF	higher_better	30	0.0	0.0	0.0	0	0	30	0	0.0	0.0
strict_positive_experimental	Strict positive experimental evidence	exact_peptide_hla	Exact peptide + HLA	percent	10	borda	Borda	Borda_Rank	lower_better	30	0.0	0.0	0.0	0	0	30	0	0.0	0.0
strict_positive_experimental	Strict positive experimental evidence	exact_peptide_hla	Exact peptide + HLA	percent	10	depmap_survivability	DepMap survivability	Depmap_survivability_score	lower_better	30	0.0	0.0	0.0	0	0	30	0	0.0	0.0
strict_positive_experimental	Strict positive experimental evidence	exact_peptide_hla	Exact peptide + HLA	percent	10	net_betweenness	Network betweenness	Net_Betweenness	higher_better	30	0.0	0.0	0.0	0	0	30	0	0.0	0.0
strict_positive_experimental	Strict positive experimental evidence	exact_peptide_hla	Exact peptide + HLA	percent	10	net_degree	Network degree	Net_Degree	higher_better	30	0.0	0.0	0.0	0	0	30	0	0.0	0.0
strict_positive_experimental	Strict positive experimental evidence	exact_peptide_hla	Exact peptide + HLA	percent	10	net_impact	Network impact	Net_Impact	higher_better	30	0.0	0.0	0.0	0	0	30	0	0.0	0.0
strict_positive_experimental	Strict positive experimental evidence	exact_peptide_hla	Exact peptide + HLA	percent	10	net_strength	Network strength	Net_Strength	higher_better	30	0.0	0.0	0.0	0	0	30	0	0.0	0.0
strict_positive_experimental	Strict positive experimental evidence	exact_peptide_hla	Exact peptide + HLA	percent	10	net_wci	Network WCI	Net_WCI	higher_better	30	0.0	0.0	0.0	0	0	30	0	0.0	0.0
strict_positive_experimental	Strict positive experimental evidence	exact_peptide_hla	Exact peptide + HLA	percent	10	tumor_dna_vaf	Tumor DNA VAF	Tumor DNA VAF	higher_better	30	0.0	0.0	0.0	0	0	30	0	0.0	0.0
strict_positive_experimental	Strict positive experimental evidence	exact_peptide_hla	Exact peptide + HLA	percent	20	borda	Borda	Borda_Rank	lower_better	30	0.0	0.0	0.0	0	0	30	0	0.0	0.0
strict_positive_experimental	Strict positive experimental evidence	exact_peptide_hla	Exact peptide + HLA	percent	20	depmap_survivability	DepMap survivability	Depmap_survivability_score	lower_better	30	0.0	0.0	0.0	0	0	30	0	0.0	0.0
strict_positive_experimental	Strict positive experimental evidence	exact_peptide_hla	Exact peptide + HLA	percent	20	net_betweenness	Network betweenness	Net_Betweenness	higher_better	30	0.0	0.0	0.0	0	0	30	0	0.0	0.0
strict_positive_experimental	Strict positive experimental evidence	exact_peptide_hla	Exact peptide + HLA	percent	20	net_degree	Network degree	Net_Degree	higher_better	30	0.0	0.0	0.0	0	0	30	0	0.0	0.0
strict_positive_experimental	Strict positive experimental evidence	exact_peptide_hla	Exact peptide + HLA	percent	20	net_impact	Network impact	Net_Impact	higher_better	30	0.0	0.0	0.0	0	0	30	0	0.0	0.0
strict_positive_experimental	Strict positive experimental evidence	exact_peptide_hla	Exact peptide + HLA	percent	20	net_strength	Network strength	Net_Strength	higher_better	30	0.0	0.0	0.0	0	0	30	0	0.0	0.0
strict_positive_experimental	Strict positive experimental evidence	exact_peptide_hla	Exact peptide + HLA	percent	20	net_wci	Network WCI	Net_WCI	higher_better	30	0.0	0.0	0.0	0	0	30	0	0.0	0.0
strict_positive_experimental	Strict positive experimental evidence	exact_peptide_hla	Exact peptide + HLA	percent	20	tumor_dna_vaf	Tumor DNA VAF	Tumor DNA VAF	higher_better	30	0.0	0.0	0.0	0	0	30	0	0.0	0.0
strict_positive_experimental	Strict positive experimental evidence	exact_peptide_hla	Exact peptide + HLA	percent	30	borda	Borda	Borda_Rank	lower_better	30	0.0	0.0	0.0	0	0	30	0	0.0	0.0
strict_positive_experimental	Strict positive experimental evidence	exact_peptide_hla	Exact peptide + HLA	percent	30	depmap_survivability	DepMap survivability	Depmap_survivability_score	lower_better	30	0.0	0.0	0.0	0	0	30	0	0.0	0.0
strict_positive_experimental	Strict positive experimental evidence	exact_peptide_hla	Exact peptide + HLA	percent	30	net_betweenness	Network betweenness	Net_Betweenness	higher_better	30	0.0	0.0	0.0	0	0	30	0	0.0	0.0
strict_positive_experimental	Strict positive experimental evidence	exact_peptide_hla	Exact peptide + HLA	percent	30	net_degree	Network degree	Net_Degree	higher_better	30	0.0	0.0	0.0	0	0	30	0	0.0	0.0
strict_positive_experimental	Strict positive experimental evidence	exact_peptide_hla	Exact peptide + HLA	percent	30	net_impact	Network impact	Net_Impact	higher_better	30	0.0	0.0	0.0	0	0	30	0	0.0	0.0
strict_positive_experimental	Strict positive experimental evidence	exact_peptide_hla	Exact peptide + HLA	percent	30	net_strength	Network strength	Net_Strength	higher_better	30	0.0	0.0	0.0	0	0	30	0	0.0	0.0
strict_positive_experimental	Strict positive experimental evidence	exact_peptide_hla	Exact peptide + HLA	percent	30	net_wci	Network WCI	Net_WCI	higher_better	30	0.0	0.0	0.0	0	0	30	0	0.0	0.0
strict_positive_experimental	Strict positive experimental evidence	exact_peptide_hla	Exact peptide + HLA	percent	30	tumor_dna_vaf	Tumor DNA VAF	Tumor DNA VAF	higher_better	30	0.0	0.0	0.0	0	0	30	0	0.0	0.0
strict_positive_experimental	Strict positive experimental evidence	exact_peptide_hla	Exact peptide + HLA	percent	40	borda	Borda	Borda_Rank	lower_better	30	0.0	0.0	0.0	0	0	30	0	0.0	0.0
strict_positive_experimental	Strict positive experimental evidence	exact_peptide_hla	Exact peptide + HLA	percent	40	depmap_survivability	DepMap survivability	Depmap_survivability_score	lower_better	30	0.0	0.0	0.0	0	0	30	0	0.0	0.0
strict_positive_experimental	Strict positive experimental evidence	exact_peptide_hla	Exact peptide + HLA	percent	40	net_betweenness	Network betweenness	Net_Betweenness	higher_better	30	0.0	0.0	0.0	0	0	30	0	0.0	0.0
strict_positive_experimental	Strict positive experimental evidence	exact_peptide_hla	Exact peptide + HLA	percent	40	net_degree	Network degree	Net_Degree	higher_better	30	0.0	0.0	0.0	0	0	30	0	0.0	0.0
strict_positive_experimental	Strict positive experimental evidence	exact_peptide_hla	Exact peptide + HLA	percent	40	net_impact	Network impact	Net_Impact	higher_better	30	0.0	0.0	0.0	0	0	30	0	0.0	0.0
strict_positive_experimental	Strict positive experimental evidence	exact_peptide_hla	Exact peptide + HLA	percent	40	net_strength	Network strength	Net_Strength	higher_better	30	0.0	0.0	0.0	0	0	30	0	0.0	0.0
strict_positive_experimental	Strict positive experimental evidence	exact_peptide_hla	Exact peptide + HLA	percent	40	net_wci	Network WCI	Net_WCI	higher_better	30	0.0	0.0	0.0	0	0	30	0	0.0	0.0
strict_positive_experimental	Strict positive experimental evidence	exact_peptide_hla	Exact peptide + HLA	percent	40	tumor_dna_vaf	Tumor DNA VAF	Tumor DNA VAF	higher_better	30	0.0	0.0	0.0	0	0	30	0	0.0	0.0
strict_positive_experimental	Strict positive experimental evidence	exact_peptide_hla	Exact peptide + HLA	percent	50	borda	Borda	Borda_Rank	lower_better	30	0.0	0.0	0.0	0	0	30	0	0.0	0.0
strict_positive_experimental	Strict positive experimental evidence	exact_peptide_hla	Exact peptide + HLA	percent	50	depmap_survivability	DepMap survivability	Depmap_survivability_score	lower_better	30	0.0	0.0	0.0	0	0	30	0	0.0	0.0
strict_positive_experimental	Strict positive experimental evidence	exact_peptide_hla	Exact peptide + HLA	percent	50	net_betweenness	Network betweenness	Net_Betweenness	higher_better	30	0.0	0.0	0.0	0	0	30	0	0.0	0.0
strict_positive_experimental	Strict positive experimental evidence	exact_peptide_hla	Exact peptide + HLA	percent	50	net_degree	Network degree	Net_Degree	higher_better	30	0.0	0.0	0.0	0	0	30	0	0.0	0.0
strict_positive_experimental	Strict positive experimental evidence	exact_peptide_hla	Exact peptide + HLA	percent	50	net_impact	Network impact	Net_Impact	higher_better	30	0.0	0.0	0.0	0	0	30	0	0.0	0.0
strict_positive_experimental	Strict positive experimental evidence	exact_peptide_hla	Exact peptide + HLA	percent	50	net_strength	Network strength	Net_Strength	higher_better	30	0.0	0.0	0.0	0	0	30	0	0.0	0.0
strict_positive_experimental	Strict positive experimental evidence	exact_peptide_hla	Exact peptide + HLA	percent	50	net_wci	Network WCI	Net_WCI	higher_better	30	0.0	0.0	0.0	0	0	30	0	0.0	0.0
strict_positive_experimental	Strict positive experimental evidence	exact_peptide_hla	Exact peptide + HLA	percent	50	tumor_dna_vaf	Tumor DNA VAF	Tumor DNA VAF	higher_better	30	0.0	0.0	0.0	0	0	30	0	0.0	0.0
strict_positive_experimental	Strict positive experimental evidence	exact_peptide_hla	Exact peptide + HLA	percent	60	borda	Borda	Borda_Rank	lower_better	30	0.0	0.0	0.0	0	0	30	0	0.0	0.0
strict_positive_experimental	Strict positive experimental evidence	exact_peptide_hla	Exact peptide + HLA	percent	60	depmap_survivability	DepMap survivability	Depmap_survivability_score	lower_better	30	0.0	0.0	0.0	0	0	30	0	0.0	0.0
strict_positive_experimental	Strict positive experimental evidence	exact_peptide_hla	Exact peptide + HLA	percent	60	net_betweenness	Network betweenness	Net_Betweenness	higher_better	30	0.0	0.0	0.0	0	0	30	0	0.0	0.0
strict_positive_experimental	Strict positive experimental evidence	exact_peptide_hla	Exact peptide + HLA	percent	60	net_degree	Network degree	Net_Degree	higher_better	30	0.0	0.0	0.0	0	0	30	0	0.0	0.0
strict_positive_experimental	Strict positive experimental evidence	exact_peptide_hla	Exact peptide + HLA	percent	60	net_impact	Network impact	Net_Impact	higher_better	30	0.0	0.0	0.0	0	0	30	0	0.0	0.0
strict_positive_experimental	Strict positive experimental evidence	exact_peptide_hla	Exact peptide + HLA	percent	60	net_strength	Network strength	Net_Strength	higher_better	30	0.0	0.0	0.0	0	0	30	0	0.0	0.0
strict_positive_experimental	Strict positive experimental evidence	exact_peptide_hla	Exact peptide + HLA	percent	60	net_wci	Network WCI	Net_WCI	higher_better	30	0.0	0.0	0.0	0	0	30	0	0.0	0.0
strict_positive_experimental	Strict positive experimental evidence	exact_peptide_hla	Exact peptide + HLA	percent	60	tumor_dna_vaf	Tumor DNA VAF	Tumor DNA VAF	higher_better	30	0.0	0.0	0.0	0	0	30	0	0.0	0.0
strict_positive_experimental	Strict positive experimental evidence	exact_peptide_hla	Exact peptide + HLA	topn	10	borda	Borda	Borda_Rank	lower_better	30	0.0	0.0	0.0	0	0	30	0	0.0	0.0
strict_positive_experimental	Strict positive experimental evidence	exact_peptide_hla	Exact peptide + HLA	topn	10	depmap_survivability	DepMap survivability	Depmap_survivability_score	lower_better	30	0.0	0.0	0.0	0	0	30	0	0.0	0.0
strict_positive_experimental	Strict positive experimental evidence	exact_peptide_hla	Exact peptide + HLA	topn	10	net_betweenness	Network betweenness	Net_Betweenness	higher_better	30	0.0	0.0	0.0	0	0	30	0	0.0	0.0
strict_positive_experimental	Strict positive experimental evidence	exact_peptide_hla	Exact peptide + HLA	topn	10	net_degree	Network degree	Net_Degree	higher_better	30	0.0	0.0	0.0	0	0	30	0	0.0	0.0
strict_positive_experimental	Strict positive experimental evidence	exact_peptide_hla	Exact peptide + HLA	topn	10	net_impact	Network impact	Net_Impact	higher_better	30	0.0	0.0	0.0	0	0	30	0	0.0	0.0
strict_positive_experimental	Strict positive experimental evidence	exact_peptide_hla	Exact peptide + HLA	topn	10	net_strength	Network strength	Net_Strength	higher_better	30	0.0	0.0	0.0	0	0	30	0	0.0	0.0
strict_positive_experimental	Strict positive experimental evidence	exact_peptide_hla	Exact peptide + HLA	topn	10	net_wci	Network WCI	Net_WCI	higher_better	30	0.0	0.0	0.0	0	0	30	0	0.0	0.0
strict_positive_experimental	Strict positive experimental evidence	exact_peptide_hla	Exact peptide + HLA	topn	10	tumor_dna_vaf	Tumor DNA VAF	Tumor DNA VAF	higher_better	30	0.0	0.0	0.0	0	0	30	0	0.0	0.0
strict_positive_experimental	Strict positive experimental evidence	exact_peptide_hla	Exact peptide + HLA	topn	20	borda	Borda	Borda_Rank	lower_better	30	0.0	0.0	0.0	0	0	30	0	0.0	0.0
strict_positive_experimental	Strict positive experimental evidence	exact_peptide_hla	Exact peptide + HLA	topn	20	depmap_survivability	DepMap survivability	Depmap_survivability_score	lower_better	30	0.0	0.0	0.0	0	0	30	0	0.0	0.0
strict_positive_experimental	Strict positive experimental evidence	exact_peptide_hla	Exact peptide + HLA	topn	20	net_betweenness	Network betweenness	Net_Betweenness	higher_better	30	0.0	0.0	0.0	0	0	30	0	0.0	0.0
strict_positive_experimental	Strict positive experimental evidence	exact_peptide_hla	Exact peptide + HLA	topn	20	net_degree	Network degree	Net_Degree	higher_better	30	0.0	0.0	0.0	0	0	30	0	0.0	0.0
strict_positive_experimental	Strict positive experimental evidence	exact_peptide_hla	Exact peptide + HLA	topn	20	net_impact	Network impact	Net_Impact	higher_better	30	0.0	0.0	0.0	0	0	30	0	0.0	0.0
strict_positive_experimental	Strict positive experimental evidence	exact_peptide_hla	Exact peptide + HLA	topn	20	net_strength	Network strength	Net_Strength	higher_better	30	0.0	0.0	0.0	0	0	30	0	0.0	0.0
strict_positive_experimental	Strict positive experimental evidence	exact_peptide_hla	Exact peptide + HLA	topn	20	net_wci	Network WCI	Net_WCI	higher_better	30	0.0	0.0	0.0	0	0	30	0	0.0	0.0
strict_positive_experimental	Strict positive experimental evidence	exact_peptide_hla	Exact peptide + HLA	topn	20	tumor_dna_vaf	Tumor DNA VAF	Tumor DNA VAF	higher_better	30	0.0	0.0	0.0	0	0	30	0	0.0	0.0
strict_positive_experimental	Strict positive experimental evidence	exact_peptide_hla	Exact peptide + HLA	topn	30	borda	Borda	Borda_Rank	lower_better	30	0.0	0.0	0.0	0	0	30	0	0.0	0.0
strict_positive_experimental	Strict positive experimental evidence	exact_peptide_hla	Exact peptide + HLA	topn	30	depmap_survivability	DepMap survivability	Depmap_survivability_score	lower_better	30	0.0	0.0	0.0	0	0	30	0	0.0	0.0
strict_positive_experimental	Strict positive experimental evidence	exact_peptide_hla	Exact peptide + HLA	topn	30	net_betweenness	Network betweenness	Net_Betweenness	higher_better	30	0.0	0.0	0.0	0	0	30	0	0.0	0.0
strict_positive_experimental	Strict positive experimental evidence	exact_peptide_hla	Exact peptide + HLA	topn	30	net_degree	Network degree	Net_Degree	higher_better	30	0.0	0.0	0.0	0	0	30	0	0.0	0.0
strict_positive_experimental	Strict positive experimental evidence	exact_peptide_hla	Exact peptide + HLA	topn	30	net_impact	Network impact	Net_Impact	higher_better	30	0.0	0.0	0.0	0	0	30	0	0.0	0.0
strict_positive_experimental	Strict positive experimental evidence	exact_peptide_hla	Exact peptide + HLA	topn	30	net_strength	Network strength	Net_Strength	higher_better	30	0.0	0.0	0.0	0	0	30	0	0.0	0.0
strict_positive_experimental	Strict positive experimental evidence	exact_peptide_hla	Exact peptide + HLA	topn	30	net_wci	Network WCI	Net_WCI	higher_better	30	0.0	0.0	0.0	0	0	30	0	0.0	0.0
strict_positive_experimental	Strict positive experimental evidence	exact_peptide_hla	Exact peptide + HLA	topn	30	tumor_dna_vaf	Tumor DNA VAF	Tumor DNA VAF	higher_better	30	0.0	0.0	0.0	0	0	30	0	0.0	0.0
strict_positive_experimental	Strict positive experimental evidence	exact_peptide_hla	Exact peptide + HLA	topn	40	borda	Borda	Borda_Rank	lower_better	30	0.0	0.0	0.0	0	0	30	0	0.0	0.0
strict_positive_experimental	Strict positive experimental evidence	exact_peptide_hla	Exact peptide + HLA	topn	40	depmap_survivability	DepMap survivability	Depmap_survivability_score	lower_better	30	0.0	0.0	0.0	0	0	30	0	0.0	0.0
strict_positive_experimental	Strict positive experimental evidence	exact_peptide_hla	Exact peptide + HLA	topn	40	net_betweenness	Network betweenness	Net_Betweenness	higher_better	30	0.0	0.0	0.0	0	0	30	0	0.0	0.0
strict_positive_experimental	Strict positive experimental evidence	exact_peptide_hla	Exact peptide + HLA	topn	40	net_degree	Network degree	Net_Degree	higher_better	30	0.0	0.0	0.0	0	0	30	0	0.0	0.0
strict_positive_experimental	Strict positive experimental evidence	exact_peptide_hla	Exact peptide + HLA	topn	40	net_impact	Network impact	Net_Impact	higher_better	30	0.0	0.0	0.0	0	0	30	0	0.0	0.0
strict_positive_experimental	Strict positive experimental evidence	exact_peptide_hla	Exact peptide + HLA	topn	40	net_strength	Network strength	Net_Strength	higher_better	30	0.0	0.0	0.0	0	0	30	0	0.0	0.0
strict_positive_experimental	Strict positive experimental evidence	exact_peptide_hla	Exact peptide + HLA	topn	40	net_wci	Network WCI	Net_WCI	higher_better	30	0.0	0.0	0.0	0	0	30	0	0.0	0.0
strict_positive_experimental	Strict positive experimental evidence	exact_peptide_hla	Exact peptide + HLA	topn	40	tumor_dna_vaf	Tumor DNA VAF	Tumor DNA VAF	higher_better	30	0.0	0.0	0.0	0	0	30	0	0.0	0.0
strict_positive_experimental	Strict positive experimental evidence	exact_peptide_hla	Exact peptide + HLA	topn	50	borda	Borda	Borda_Rank	lower_better	30	0.0	0.0	0.0	0	0	30	0	0.0	0.0
strict_positive_experimental	Strict positive experimental evidence	exact_peptide_hla	Exact peptide + HLA	topn	50	depmap_survivability	DepMap survivability	Depmap_survivability_score	lower_better	30	0.0	0.0	0.0	0	0	30	0	0.0	0.0
strict_positive_experimental	Strict positive experimental evidence	exact_peptide_hla	Exact peptide + HLA	topn	50	net_betweenness	Network betweenness	Net_Betweenness	higher_better	30	0.0	0.0	0.0	0	0	30	0	0.0	0.0
strict_positive_experimental	Strict positive experimental evidence	exact_peptide_hla	Exact peptide + HLA	topn	50	net_degree	Network degree	Net_Degree	higher_better	30	0.0	0.0	0.0	0	0	30	0	0.0	0.0
strict_positive_experimental	Strict positive experimental evidence	exact_peptide_hla	Exact peptide + HLA	topn	50	net_impact	Network impact	Net_Impact	higher_better	30	0.0	0.0	0.0	0	0	30	0	0.0	0.0
strict_positive_experimental	Strict positive experimental evidence	exact_peptide_hla	Exact peptide + HLA	topn	50	net_strength	Network strength	Net_Strength	higher_better	30	0.0	0.0	0.0	0	0	30	0	0.0	0.0
strict_positive_experimental	Strict positive experimental evidence	exact_peptide_hla	Exact peptide + HLA	topn	50	net_wci	Network WCI	Net_WCI	higher_better	30	0.0	0.0	0.0	0	0	30	0	0.0	0.0
strict_positive_experimental	Strict positive experimental evidence	exact_peptide_hla	Exact peptide + HLA	topn	50	tumor_dna_vaf	Tumor DNA VAF	Tumor DNA VAF	higher_better	30	0.0	0.0	0.0	0	0	30	0	0.0	0.0
strict_positive_experimental	Strict positive experimental evidence	relaxed_min8_peptide	Relaxed min-8 peptide	percent	10	borda	Borda	Borda_Rank	lower_better	30	0.0	-0.006098356407953933	0.0	6	8	14	8	0.24415204678362573	0.2426470588235294
strict_positive_experimental	Strict positive experimental evidence	relaxed_min8_peptide	Relaxed min-8 peptide	percent	10	depmap_survivability	DepMap survivability	Depmap_survivability_score	lower_better	30	0.0	0.029159121615037618	0.0	4	10	11	9	0.2899159663865546	0.2426470588235294
strict_positive_experimental	Strict positive experimental evidence	relaxed_min8_peptide	Relaxed min-8 peptide	percent	10	net_betweenness	Network betweenness	Net_Betweenness	higher_better	30	0.0	0.027490140914558734	0.0	8	13	7	10	0.2857142857142857	0.2426470588235294
strict_positive_experimental	Strict positive experimental evidence	relaxed_min8_peptide	Relaxed min-8 peptide	percent	10	net_degree	Network degree	Net_Degree	higher_better	30	0.02777777777777779	0.062339849792400606	0.5	8	15	5	10	0.3431372549019608	0.2426470588235294
strict_positive_experimental	Strict positive experimental evidence	relaxed_min8_peptide	Relaxed min-8 peptide	percent	10	net_impact	Network impact	Net_Impact	higher_better	30	0.0	0.024465453657134907	0.0	7	13	8	9	0.3333333333333333	0.2426470588235294
strict_positive_experimental	Strict positive experimental evidence	relaxed_min8_peptide	Relaxed min-8 peptide	percent	10	net_strength	Network strength	Net_Strength	higher_better	30	0.0	0.04870349975276613	0.0	11	13	8	9	0.36231884057971014	0.2426470588235294
strict_positive_experimental	Strict positive experimental evidence	relaxed_min8_peptide	Relaxed min-8 peptide	percent	10	net_wci	Network WCI	Net_WCI	higher_better	30	0.0	-0.03235603864086836	0.0	-4	11	8	11	0.21764705882352942	0.2426470588235294
strict_positive_experimental	Strict positive experimental evidence	relaxed_min8_peptide	Relaxed min-8 peptide	percent	10	tumor_dna_vaf	Tumor DNA VAF	Tumor DNA VAF	higher_better	30	0.021739130434782622	0.06515258443714494	0.5	7	15	8	7	0.3333333333333333	0.2426470588235294
strict_positive_experimental	Strict positive experimental evidence	relaxed_min8_peptide	Relaxed min-8 peptide	percent	20	borda	Borda	Borda_Rank	lower_better	30	0.0	0.042752414486160614	0.0	19	14	8	8	0.2863636363636364	0.2
strict_positive_experimental	Strict positive experimental evidence	relaxed_min8_peptide	Relaxed min-8 peptide	percent	20	depmap_survivability	DepMap survivability	Depmap_survivability_score	lower_better	30	0.06477732793522267	0.04179174152084369	1.0	20	17	5	8	0.3015151515151515	0.2
strict_positive_experimental	Strict positive experimental evidence	relaxed_min8_peptide	Relaxed min-8 peptide	percent	20	net_betweenness	Network betweenness	Net_Betweenness	higher_better	30	0.0	0.02204331587458522	0.0	20	14	7	9	0.27884615384615385	0.2
strict_positive_experimental	Strict positive experimental evidence	relaxed_min8_peptide	Relaxed min-8 peptide	percent	20	net_degree	Network degree	Net_Degree	higher_better	30	0.03598484848484848	0.03900179009312136	1.0	10	17	3	10	0.2967032967032967	0.2
strict_positive_experimental	Strict positive experimental evidence	relaxed_min8_peptide	Relaxed min-8 peptide	percent	20	net_impact	Network impact	Net_Impact	higher_better	30	0.04060150375939847	0.03321591377318931	1.0	11	16	5	9	0.2761904761904762	0.2
strict_positive_experimental	Strict positive experimental evidence	relaxed_min8_peptide	Relaxed min-8 peptide	percent	20	net_strength	Network strength	Net_Strength	higher_better	30	0.03809523809523807	0.02969583907664403	1.0	8	16	5	9	0.2761904761904762	0.2
strict_positive_experimental	Strict positive experimental evidence	relaxed_min8_peptide	Relaxed min-8 peptide	percent	20	net_wci	Network WCI	Net_WCI	higher_better	30	0.0	-0.0009066541729080428	0.0	6	12	8	10	0.2365967365967366	0.2
strict_positive_experimental	Strict positive experimental evidence	relaxed_min8_peptide	Relaxed min-8 peptide	percent	20	tumor_dna_vaf	Tumor DNA VAF	Tumor DNA VAF	higher_better	30	0.07147147147147145	0.051365709972521115	1.0	12	16	7	7	0.3333333333333333	0.2
strict_positive_experimental	Strict positive experimental evidence	relaxed_min8_peptide	Relaxed min-8 peptide	percent	30	borda	Borda	Borda_Rank	lower_better	30	0.04423076923076924	0.04410216856694041	1.0	33	18	5	7	0.26785714285714285	0.2222222222222222
strict_positive_experimental	Strict positive experimental evidence	relaxed_min8_peptide	Relaxed min-8 peptide	percent	30	depmap_survivability	DepMap survivability	Depmap_survivability_score	lower_better	30	0.08140756302521009	0.05198536023357967	1.0	34	20	3	7	0.28888888888888886	0.2222222222222222
strict_positive_experimental	Strict positive experimental evidence	relaxed_min8_peptide	Relaxed min-8 peptide	percent	30	net_betweenness	Network betweenness	Net_Betweenness	higher_better	30	0.0	0.030647367127287144	0.0	26	14	6	10	0.25	0.2222222222222222
strict_positive_experimental	Strict positive experimental evidence	relaxed_min8_peptide	Relaxed min-8 peptide	percent	30	net_degree	Network degree	Net_Degree	higher_better	30	0.024999999999999994	0.04366633529784181	0.5	28	15	5	10	0.2596153846153846	0.2222222222222222
strict_positive_experimental	Strict positive experimental evidence	relaxed_min8_peptide	Relaxed min-8 peptide	percent	30	net_impact	Network impact	Net_Impact	higher_better	30	0.030023547880690754	0.05398158487945583	1.0	32	16	5	9	0.2669683257918552	0.2222222222222222
strict_positive_experimental	Strict positive experimental evidence	relaxed_min8_peptide	Relaxed min-8 peptide	percent	30	net_strength	Network strength	Net_Strength	higher_better	30	0.030023547880690754	0.0497976124399053	1.0	29	16	5	9	0.25	0.2222222222222222
strict_positive_experimental	Strict positive experimental evidence	relaxed_min8_peptide	Relaxed min-8 peptide	percent	30	net_wci	Network WCI	Net_WCI	higher_better	30	0.019819466248037695	0.031434066911560095	1.0	23	16	3	11	0.24107142857142858	0.2222222222222222
strict_positive_experimental	Strict positive experimental evidence	relaxed_min8_peptide	Relaxed min-8 peptide	percent	30	tumor_dna_vaf	Tumor DNA VAF	Tumor DNA VAF	higher_better	30	0.03888888888888889	0.030932837797095304	1.0	13	16	6	8	0.25	0.2222222222222222
strict_positive_experimental	Strict positive experimental evidence	relaxed_min8_peptide	Relaxed min-8 peptide	percent	40	borda	Borda	Borda_Rank	lower_better	30	0.05827702702702703	0.053861240051863775	1.5	46	20	4	6	0.27597903176071537	0.23240589198036007
strict_positive_experimental	Strict positive experimental evidence	relaxed_min8_peptide	Relaxed min-8 peptide	percent	40	depmap_survivability	DepMap survivability	Depmap_survivability_score	lower_better	30	0.042307692307692296	0.05312675981560714	1.0	39	18	5	7	0.2653846153846154	0.23240589198036007
strict_positive_experimental	Strict positive experimental evidence	relaxed_min8_peptide	Relaxed min-8 peptide	percent	40	net_betweenness	Network betweenness	Net_Betweenness	higher_better	30	0.028006267136701915	0.04291450833058048	1.5	36	16	6	8	0.2805383022774327	0.23240589198036007
strict_positive_experimental	Strict positive experimental evidence	relaxed_min8_peptide	Relaxed min-8 peptide	percent	40	net_degree	Network degree	Net_Degree	higher_better	30	0.052777777777777785	0.05588498717423961	1.0	42	19	2	9	0.2697505197505198	0.23240589198036007
strict_positive_experimental	Strict positive experimental evidence	relaxed_min8_peptide	Relaxed min-8 peptide	percent	40	net_impact	Network impact	Net_Impact	higher_better	30	0.05334281650071124	0.06312992842238281	1.0	49	18	3	9	0.2735966735966736	0.23240589198036007
strict_positive_experimental	Strict positive experimental evidence	relaxed_min8_peptide	Relaxed min-8 peptide	percent	40	net_strength	Network strength	Net_Strength	higher_better	30	0.058230683090705476	0.0572698076281596	1.0	45	17	4	9	0.2774725274725275	0.23240589198036007
strict_positive_experimental	Strict positive experimental evidence	relaxed_min8_peptide	Relaxed min-8 peptide	percent	40	net_wci	Network WCI	Net_WCI	higher_better	30	0.013157894736842105	0.04318556425425995	0.5	21	15	5	10	0.245	0.23240589198036007
strict_positive_experimental	Strict positive experimental evidence	relaxed_min8_peptide	Relaxed min-8 peptide	percent	40	tumor_dna_vaf	Tumor DNA VAF	Tumor DNA VAF	higher_better	30	0.05263157894736842	0.040000629170059344	1.0	25	20	3	7	0.2620137299771167	0.23240589198036007
strict_positive_experimental	Strict positive experimental evidence	relaxed_min8_peptide	Relaxed min-8 peptide	percent	50	borda	Borda	Borda_Rank	lower_better	30	0.02265745007680492	0.032035531747198344	1.0	30	17	3	10	0.2795138888888889	0.22179089026915114
strict_positive_experimental	Strict positive experimental evidence	relaxed_min8_peptide	Relaxed min-8 peptide	percent	50	depmap_survivability	DepMap survivability	Depmap_survivability_score	lower_better	30	0.044060559006211183	0.02388091893252843	1.0	17	16	3	11	0.2608695652173913	0.22179089026915114
strict_positive_experimental	Strict positive experimental evidence	relaxed_min8_peptide	Relaxed min-8 peptide	percent	50	net_betweenness	Network betweenness	Net_Betweenness	higher_better	30	0.01645225136071253	0.016707951836964406	1.0	15	16	2	12	0.25737126245847175	0.22179089026915114
strict_positive_experimental	Strict positive experimental evidence	relaxed_min8_peptide	Relaxed min-8 peptide	percent	50	net_degree	Network degree	Net_Degree	higher_better	30	0.032574152542372864	0.03568950586174958	1.5	28	18	1	11	0.27657807308970095	0.22179089026915114
strict_positive_experimental	Strict positive experimental evidence	relaxed_min8_peptide	Relaxed min-8 peptide	percent	50	net_impact	Network impact	Net_Impact	higher_better	30	0.03485576923076922	0.03897774336537676	1.0	35	18	3	9	0.2784503631961259	0.22179089026915114
strict_positive_experimental	Strict positive experimental evidence	relaxed_min8_peptide	Relaxed min-8 peptide	percent	50	net_strength	Network strength	Net_Strength	higher_better	30	0.029869067103109645	0.03609777148297677	1.0	28	16	5	9	0.2662372517444981	0.22179089026915114
strict_positive_experimental	Strict positive experimental evidence	relaxed_min8_peptide	Relaxed min-8 peptide	percent	50	net_wci	Network WCI	Net_WCI	higher_better	30	0.0	0.01668009160550564	0.0	6	14	2	14	0.25	0.22179089026915114
strict_positive_experimental	Strict positive experimental evidence	relaxed_min8_peptide	Relaxed min-8 peptide	percent	50	tumor_dna_vaf	Tumor DNA VAF	Tumor DNA VAF	higher_better	30	0.021961063627730287	0.01154317321324328	1.0	1	16	2	12	0.24262873754152825	0.22179089026915114
strict_positive_experimental	Strict positive experimental evidence	relaxed_min8_peptide	Relaxed min-8 peptide	percent	60	borda	Borda	Borda_Rank	lower_better	30	0.004807692307692318	0.005973645138362972	0.5	16	15	6	9	0.2615384615384615	0.22941970310391363
strict_positive_experimental	Strict positive experimental evidence	relaxed_min8_peptide	Relaxed min-8 peptide	percent	60	depmap_survivability	DepMap survivability	Depmap_survivability_score	lower_better	30	0.0	0.01611474022610589	0.0	13	13	9	8	0.25783475783475784	0.22941970310391363
strict_positive_experimental	Strict positive experimental evidence	relaxed_min8_peptide	Relaxed min-8 peptide	percent	60	net_betweenness	Network betweenness	Net_Betweenness	higher_better	30	0.0	-0.005291202786481697	0.0	6	14	4	12	0.25	0.22941970310391363
strict_positive_experimental	Strict positive experimental evidence	relaxed_min8_peptide	Relaxed min-8 peptide	percent	60	net_degree	Network degree	Net_Degree	higher_better	30	0.0	0.017906058683315504	0.0	24	14	5	11	0.2671361502347418	0.22941970310391363
strict_positive_experimental	Strict positive experimental evidence	relaxed_min8_peptide	Relaxed min-8 peptide	percent	60	net_impact	Network impact	Net_Impact	higher_better	30	0.004854368932038833	0.0127783384239368	0.5	19	15	4	11	0.26969009826152684	0.22941970310391363
strict_positive_experimental	Strict positive experimental evidence	relaxed_min8_peptide	Relaxed min-8 peptide	percent	60	net_strength	Network strength	Net_Strength	higher_better	30	0.004807692307692318	0.0114393320307107	0.5	16	15	4	11	0.268291761148904	0.22941970310391363
strict_positive_experimental	Strict positive experimental evidence	relaxed_min8_peptide	Relaxed min-8 peptide	percent	60	net_wci	Network WCI	Net_WCI	higher_better	30	0.0	-0.0019939312665168724	0.0	5	12	4	14	0.24662162162162163	0.22941970310391363
strict_positive_experimental	Strict positive experimental evidence	relaxed_min8_peptide	Relaxed min-8 peptide	percent	60	tumor_dna_vaf	Tumor DNA VAF	Tumor DNA VAF	higher_better	30	-0.004854368932038847	-0.00803281194726422	-0.5	-16	9	6	15	0.24351851851851852	0.22941970310391363
strict_positive_experimental	Strict positive experimental evidence	relaxed_min8_peptide	Relaxed min-8 peptide	topn	10	borda	Borda	Borda_Rank	lower_better	30	0.1	0.09000000000000001	1.0	27	17	7	6	0.35	0.2
strict_positive_experimental	Strict positive experimental evidence	relaxed_min8_peptide	Relaxed min-8 peptide	topn	10	depmap_survivability	DepMap survivability	Depmap_survivability_score	lower_better	30	0.04999999999999999	0.07333333333333333	0.5	22	15	7	8	0.3	0.2
strict_positive_experimental	Strict positive experimental evidence	relaxed_min8_peptide	Relaxed min-8 peptide	topn	10	net_betweenness	Network betweenness	Net_Betweenness	higher_better	30	0.0	0.02666666666666667	0.0	8	12	9	9	0.2	0.2
strict_positive_experimental	Strict positive experimental evidence	relaxed_min8_peptide	Relaxed min-8 peptide	topn	10	net_degree	Network degree	Net_Degree	higher_better	30	0.04999999999999999	0.07	0.5	21	15	9	6	0.3	0.2
strict_positive_experimental	Strict positive experimental evidence	relaxed_min8_peptide	Relaxed min-8 peptide	topn	10	net_impact	Network impact	Net_Impact	higher_better	30	0.04999999999999999	0.06333333333333332	0.5	19	15	9	6	0.3	0.2
strict_positive_experimental	Strict positive experimental evidence	relaxed_min8_peptide	Relaxed min-8 peptide	topn	10	net_strength	Network strength	Net_Strength	higher_better	30	0.09999999999999998	0.07666666666666666	1.0	23	16	8	6	0.3	0.2
strict_positive_experimental	Strict positive experimental evidence	relaxed_min8_peptide	Relaxed min-8 peptide	topn	10	net_wci	Network WCI	Net_WCI	higher_better	30	0.0	0.023333333333333338	0.0	7	11	10	9	0.2	0.2
strict_positive_experimental	Strict positive experimental evidence	relaxed_min8_peptide	Relaxed min-8 peptide	topn	10	tumor_dna_vaf	Tumor DNA VAF	Tumor DNA VAF	higher_better	30	0.0	0.04000000000000001	0.0	12	13	10	7	0.3	0.2
strict_positive_experimental	Strict positive experimental evidence	relaxed_min8_peptide	Relaxed min-8 peptide	topn	20	borda	Borda	Borda_Rank	lower_better	30	0.04999999999999999	0.034999999999999996	1.0	21	17	5	8	0.3	0.25
strict_positive_experimental	Strict positive experimental evidence	relaxed_min8_peptide	Relaxed min-8 peptide	topn	20	depmap_survivability	DepMap survivability	Depmap_survivability_score	lower_better	30	0.0	0.02666666666666666	0.0	16	13	10	7	0.25	0.25
strict_positive_experimental	Strict positive experimental evidence	relaxed_min8_peptide	Relaxed min-8 peptide	topn	20	net_betweenness	Network betweenness	Net_Betweenness	higher_better	30	0.0	0.021666666666666664	0.0	13	13	8	9	0.3	0.25
strict_positive_experimental	Strict positive experimental evidence	relaxed_min8_peptide	Relaxed min-8 peptide	topn	20	net_degree	Network degree	Net_Degree	higher_better	30	0.0	0.016666666666666666	0.0	10	14	8	8	0.25	0.25
strict_positive_experimental	Strict positive experimental evidence	relaxed_min8_peptide	Relaxed min-8 peptide	topn	20	net_impact	Network impact	Net_Impact	higher_better	30	0.0	0.025	0.0	15	14	9	7	0.25	0.25
strict_positive_experimental	Strict positive experimental evidence	relaxed_min8_peptide	Relaxed min-8 peptide	topn	20	net_strength	Network strength	Net_Strength	higher_better	30	0.0	0.021666666666666667	0.0	13	14	9	7	0.25	0.25
strict_positive_experimental	Strict positive experimental evidence	relaxed_min8_peptide	Relaxed min-8 peptide	topn	20	net_wci	Network WCI	Net_WCI	higher_better	30	0.0	0.014999999999999996	0.0	9	14	9	7	0.275	0.25
strict_positive_experimental	Strict positive experimental evidence	relaxed_min8_peptide	Relaxed min-8 peptide	topn	20	tumor_dna_vaf	Tumor DNA VAF	Tumor DNA VAF	higher_better	30	0.024999999999999994	0.009999999999999998	0.5	6	15	6	9	0.25	0.25
strict_positive_experimental	Strict positive experimental evidence	relaxed_min8_peptide	Relaxed min-8 peptide	topn	30	borda	Borda	Borda_Rank	lower_better	30	0.0	0.016666666666666666	0.0	15	10	14	6	0.26666666666666666	0.2554347826086957
strict_positive_experimental	Strict positive experimental evidence	relaxed_min8_peptide	Relaxed min-8 peptide	topn	30	depmap_survivability	DepMap survivability	Depmap_survivability_score	lower_better	30	0.0	0.006666666666666662	0.0	6	10	10	10	0.2833333333333333	0.2554347826086957
strict_positive_experimental	Strict positive experimental evidence	relaxed_min8_peptide	Relaxed min-8 peptide	topn	30	net_betweenness	Network betweenness	Net_Betweenness	higher_better	30	0.0	0.013333333333333332	0.0	12	12	10	8	0.263768115942029	0.2554347826086957
strict_positive_experimental	Strict positive experimental evidence	relaxed_min8_peptide	Relaxed min-8 peptide	topn	30	net_degree	Network degree	Net_Degree	higher_better	30	0.0	-0.003333333333333332	0.0	-3	10	10	10	0.23333333333333334	0.2554347826086957
strict_positive_experimental	Strict positive experimental evidence	relaxed_min8_peptide	Relaxed min-8 peptide	topn	30	net_impact	Network impact	Net_Impact	higher_better	30	0.0	0.007777777777777776	0.0	7	9	13	8	0.26666666666666666	0.2554347826086957
strict_positive_experimental	Strict positive experimental evidence	relaxed_min8_peptide	Relaxed min-8 peptide	topn	30	net_strength	Network strength	Net_Strength	higher_better	30	0.0	-0.004444444444444445	0.0	-4	7	13	10	0.2554347826086957	0.2554347826086957
strict_positive_experimental	Strict positive experimental evidence	relaxed_min8_peptide	Relaxed min-8 peptide	topn	30	net_wci	Network WCI	Net_WCI	higher_better	30	0.0	-0.0022222222222222227	0.0	-2	9	11	10	0.23333333333333334	0.2554347826086957
strict_positive_experimental	Strict positive experimental evidence	relaxed_min8_peptide	Relaxed min-8 peptide	topn	30	tumor_dna_vaf	Tumor DNA VAF	Tumor DNA VAF	higher_better	30	0.0	-0.004444444444444447	0.0	-4	8	11	11	0.263768115942029	0.2554347826086957
strict_positive_experimental	Strict positive experimental evidence	relaxed_min8_peptide	Relaxed min-8 peptide	topn	40	borda	Borda	Borda_Rank	lower_better	30	0.0	0.010833333333333334	0.0	13	10	14	6	0.25	0.25
strict_positive_experimental	Strict positive experimental evidence	relaxed_min8_peptide	Relaxed min-8 peptide	topn	40	depmap_survivability	DepMap survivability	Depmap_survivability_score	lower_better	30	0.0	0.0066666666666666645	0.0	8	8	15	7	0.2554347826086957	0.25
strict_positive_experimental	Strict positive experimental evidence	relaxed_min8_peptide	Relaxed min-8 peptide	topn	40	net_betweenness	Network betweenness	Net_Betweenness	higher_better	30	0.0	0.010833333333333334	0.0	13	10	12	8	0.25	0.25
strict_positive_experimental	Strict positive experimental evidence	relaxed_min8_peptide	Relaxed min-8 peptide	topn	40	net_degree	Network degree	Net_Degree	higher_better	30	0.0	0.005	0.0	6	10	14	6	0.25	0.25
strict_positive_experimental	Strict positive experimental evidence	relaxed_min8_peptide	Relaxed min-8 peptide	topn	40	net_impact	Network impact	Net_Impact	higher_better	30	0.0	0.009999999999999998	0.0	12	10	15	5	0.25	0.25
strict_positive_experimental	Strict positive experimental evidence	relaxed_min8_peptide	Relaxed min-8 peptide	topn	40	net_strength	Network strength	Net_Strength	higher_better	30	0.0	0.006666666666666664	0.0	8	10	14	6	0.25	0.25
strict_positive_experimental	Strict positive experimental evidence	relaxed_min8_peptide	Relaxed min-8 peptide	topn	40	net_wci	Network WCI	Net_WCI	higher_better	30	0.0	0.006666666666666665	0.0	8	10	12	8	0.25	0.25
strict_positive_experimental	Strict positive experimental evidence	relaxed_min8_peptide	Relaxed min-8 peptide	topn	40	tumor_dna_vaf	Tumor DNA VAF	Tumor DNA VAF	higher_better	30	0.0	-0.005000000000000004	0.0	-6	7	15	8	0.23128342245989303	0.25
strict_positive_experimental	Strict positive experimental evidence	relaxed_min8_peptide	Relaxed min-8 peptide	topn	50	borda	Borda	Borda_Rank	lower_better	30	0.0	0.01	0.0	15	7	18	5	0.26	0.2376470588235294
strict_positive_experimental	Strict positive experimental evidence	relaxed_min8_peptide	Relaxed min-8 peptide	topn	50	depmap_survivability	DepMap survivability	Depmap_survivability_score	lower_better	30	0.0	0.008	0.0	12	8	16	6	0.255	0.2376470588235294
strict_positive_experimental	Strict positive experimental evidence	relaxed_min8_peptide	Relaxed min-8 peptide	topn	50	net_betweenness	Network betweenness	Net_Betweenness	higher_better	30	0.0	0.00933333333333333	0.0	14	6	17	7	0.24	0.2376470588235294
strict_positive_experimental	Strict positive experimental evidence	relaxed_min8_peptide	Relaxed min-8 peptide	topn	50	net_degree	Network degree	Net_Degree	higher_better	30	0.0	0.012666666666666666	0.0	19	7	18	5	0.26	0.2376470588235294
strict_positive_experimental	Strict positive experimental evidence	relaxed_min8_peptide	Relaxed min-8 peptide	topn	50	net_impact	Network impact	Net_Impact	higher_better	30	0.0	0.01	0.0	15	7	19	4	0.24	0.2376470588235294
strict_positive_experimental	Strict positive experimental evidence	relaxed_min8_peptide	Relaxed min-8 peptide	topn	50	net_strength	Network strength	Net_Strength	higher_better	30	0.0	0.009333333333333332	0.0	14	7	19	4	0.245	0.2376470588235294
strict_positive_experimental	Strict positive experimental evidence	relaxed_min8_peptide	Relaxed min-8 peptide	topn	50	net_wci	Network WCI	Net_WCI	higher_better	30	0.0	0.003333333333333335	0.0	5	7	16	7	0.2376470588235294	0.2376470588235294
strict_positive_experimental	Strict positive experimental evidence	relaxed_min8_peptide	Relaxed min-8 peptide	topn	50	tumor_dna_vaf	Tumor DNA VAF	Tumor DNA VAF	higher_better	30	0.0	-0.004666666666666665	0.0	-7	6	17	7	0.2376470588235294	0.2376470588235294
strict_positive_experimental	Strict positive experimental evidence	relaxed_min8_peptide_hla	Relaxed min-8 peptide + HLA	percent	10	borda	Borda	Borda_Rank	lower_better	30	0.0	0.0	0.0	0	0	30	0	0.0	0.0
strict_positive_experimental	Strict positive experimental evidence	relaxed_min8_peptide_hla	Relaxed min-8 peptide + HLA	percent	10	depmap_survivability	DepMap survivability	Depmap_survivability_score	lower_better	30	0.0	0.0	0.0	0	0	30	0	0.0	0.0
strict_positive_experimental	Strict positive experimental evidence	relaxed_min8_peptide_hla	Relaxed min-8 peptide + HLA	percent	10	net_betweenness	Network betweenness	Net_Betweenness	higher_better	30	0.0	0.0	0.0	0	0	30	0	0.0	0.0
strict_positive_experimental	Strict positive experimental evidence	relaxed_min8_peptide_hla	Relaxed min-8 peptide + HLA	percent	10	net_degree	Network degree	Net_Degree	higher_better	30	0.0	0.0	0.0	0	0	30	0	0.0	0.0
strict_positive_experimental	Strict positive experimental evidence	relaxed_min8_peptide_hla	Relaxed min-8 peptide + HLA	percent	10	net_impact	Network impact	Net_Impact	higher_better	30	0.0	0.0	0.0	0	0	30	0	0.0	0.0
strict_positive_experimental	Strict positive experimental evidence	relaxed_min8_peptide_hla	Relaxed min-8 peptide + HLA	percent	10	net_strength	Network strength	Net_Strength	higher_better	30	0.0	0.0	0.0	0	0	30	0	0.0	0.0
strict_positive_experimental	Strict positive experimental evidence	relaxed_min8_peptide_hla	Relaxed min-8 peptide + HLA	percent	10	net_wci	Network WCI	Net_WCI	higher_better	30	0.0	0.0	0.0	0	0	30	0	0.0	0.0
strict_positive_experimental	Strict positive experimental evidence	relaxed_min8_peptide_hla	Relaxed min-8 peptide + HLA	percent	10	tumor_dna_vaf	Tumor DNA VAF	Tumor DNA VAF	higher_better	30	0.0	0.0	0.0	0	0	30	0	0.0	0.0
strict_positive_experimental	Strict positive experimental evidence	relaxed_min8_peptide_hla	Relaxed min-8 peptide + HLA	percent	20	borda	Borda	Borda_Rank	lower_better	30	0.0	0.0	0.0	0	0	30	0	0.0	0.0
strict_positive_experimental	Strict positive experimental evidence	relaxed_min8_peptide_hla	Relaxed min-8 peptide + HLA	percent	20	depmap_survivability	DepMap survivability	Depmap_survivability_score	lower_better	30	0.0	0.0	0.0	0	0	30	0	0.0	0.0
strict_positive_experimental	Strict positive experimental evidence	relaxed_min8_peptide_hla	Relaxed min-8 peptide + HLA	percent	20	net_betweenness	Network betweenness	Net_Betweenness	higher_better	30	0.0	0.0	0.0	0	0	30	0	0.0	0.0
strict_positive_experimental	Strict positive experimental evidence	relaxed_min8_peptide_hla	Relaxed min-8 peptide + HLA	percent	20	net_degree	Network degree	Net_Degree	higher_better	30	0.0	0.0	0.0	0	0	30	0	0.0	0.0
strict_positive_experimental	Strict positive experimental evidence	relaxed_min8_peptide_hla	Relaxed min-8 peptide + HLA	percent	20	net_impact	Network impact	Net_Impact	higher_better	30	0.0	0.0	0.0	0	0	30	0	0.0	0.0
strict_positive_experimental	Strict positive experimental evidence	relaxed_min8_peptide_hla	Relaxed min-8 peptide + HLA	percent	20	net_strength	Network strength	Net_Strength	higher_better	30	0.0	0.0	0.0	0	0	30	0	0.0	0.0
strict_positive_experimental	Strict positive experimental evidence	relaxed_min8_peptide_hla	Relaxed min-8 peptide + HLA	percent	20	net_wci	Network WCI	Net_WCI	higher_better	30	0.0	0.0	0.0	0	0	30	0	0.0	0.0
strict_positive_experimental	Strict positive experimental evidence	relaxed_min8_peptide_hla	Relaxed min-8 peptide + HLA	percent	20	tumor_dna_vaf	Tumor DNA VAF	Tumor DNA VAF	higher_better	30	0.0	0.0	0.0	0	0	30	0	0.0	0.0
strict_positive_experimental	Strict positive experimental evidence	relaxed_min8_peptide_hla	Relaxed min-8 peptide + HLA	percent	30	borda	Borda	Borda_Rank	lower_better	30	0.0	0.0	0.0	0	0	30	0	0.0	0.0
strict_positive_experimental	Strict positive experimental evidence	relaxed_min8_peptide_hla	Relaxed min-8 peptide + HLA	percent	30	depmap_survivability	DepMap survivability	Depmap_survivability_score	lower_better	30	0.0	0.0023809523809523807	0.0	1	1	29	0	0.0	0.0
strict_positive_experimental	Strict positive experimental evidence	relaxed_min8_peptide_hla	Relaxed min-8 peptide + HLA	percent	30	net_betweenness	Network betweenness	Net_Betweenness	higher_better	30	0.0	0.0	0.0	0	0	30	0	0.0	0.0
strict_positive_experimental	Strict positive experimental evidence	relaxed_min8_peptide_hla	Relaxed min-8 peptide + HLA	percent	30	net_degree	Network degree	Net_Degree	higher_better	30	0.0	0.0	0.0	0	0	30	0	0.0	0.0
strict_positive_experimental	Strict positive experimental evidence	relaxed_min8_peptide_hla	Relaxed min-8 peptide + HLA	percent	30	net_impact	Network impact	Net_Impact	higher_better	30	0.0	0.0023809523809523807	0.0	1	1	29	0	0.0	0.0
strict_positive_experimental	Strict positive experimental evidence	relaxed_min8_peptide_hla	Relaxed min-8 peptide + HLA	percent	30	net_strength	Network strength	Net_Strength	higher_better	30	0.0	0.0023809523809523807	0.0	1	1	29	0	0.0	0.0
strict_positive_experimental	Strict positive experimental evidence	relaxed_min8_peptide_hla	Relaxed min-8 peptide + HLA	percent	30	net_wci	Network WCI	Net_WCI	higher_better	30	0.0	0.0	0.0	0	0	30	0	0.0	0.0
strict_positive_experimental	Strict positive experimental evidence	relaxed_min8_peptide_hla	Relaxed min-8 peptide + HLA	percent	30	tumor_dna_vaf	Tumor DNA VAF	Tumor DNA VAF	higher_better	30	0.0	0.0023809523809523807	0.0	1	1	29	0	0.0	0.0
strict_positive_experimental	Strict positive experimental evidence	relaxed_min8_peptide_hla	Relaxed min-8 peptide + HLA	percent	40	borda	Borda	Borda_Rank	lower_better	30	0.0	0.0	0.0	0	0	30	0	0.0	0.0
strict_positive_experimental	Strict positive experimental evidence	relaxed_min8_peptide_hla	Relaxed min-8 peptide + HLA	percent	40	depmap_survivability	DepMap survivability	Depmap_survivability_score	lower_better	30	0.0	0.0018518518518518517	0.0	1	1	29	0	0.0	0.0
strict_positive_experimental	Strict positive experimental evidence	relaxed_min8_peptide_hla	Relaxed min-8 peptide + HLA	percent	40	net_betweenness	Network betweenness	Net_Betweenness	higher_better	30	0.0	0.0	0.0	0	0	30	0	0.0	0.0
strict_positive_experimental	Strict positive experimental evidence	relaxed_min8_peptide_hla	Relaxed min-8 peptide + HLA	percent	40	net_degree	Network degree	Net_Degree	higher_better	30	0.0	0.0	0.0	0	0	30	0	0.0	0.0
strict_positive_experimental	Strict positive experimental evidence	relaxed_min8_peptide_hla	Relaxed min-8 peptide + HLA	percent	40	net_impact	Network impact	Net_Impact	higher_better	30	0.0	0.0018518518518518517	0.0	1	1	29	0	0.0	0.0
strict_positive_experimental	Strict positive experimental evidence	relaxed_min8_peptide_hla	Relaxed min-8 peptide + HLA	percent	40	net_strength	Network strength	Net_Strength	higher_better	30	0.0	0.0018518518518518517	0.0	1	1	29	0	0.0	0.0
strict_positive_experimental	Strict positive experimental evidence	relaxed_min8_peptide_hla	Relaxed min-8 peptide + HLA	percent	40	net_wci	Network WCI	Net_WCI	higher_better	30	0.0	0.0018518518518518517	0.0	1	1	29	0	0.0	0.0
strict_positive_experimental	Strict positive experimental evidence	relaxed_min8_peptide_hla	Relaxed min-8 peptide + HLA	percent	40	tumor_dna_vaf	Tumor DNA VAF	Tumor DNA VAF	higher_better	30	0.0	0.0018518518518518517	0.0	1	1	29	0	0.0	0.0
strict_positive_experimental	Strict positive experimental evidence	relaxed_min8_peptide_hla	Relaxed min-8 peptide + HLA	percent	50	borda	Borda	Borda_Rank	lower_better	30	0.0	0.0015151515151515152	0.0	1	1	29	0	0.0	0.0
strict_positive_experimental	Strict positive experimental evidence	relaxed_min8_peptide_hla	Relaxed min-8 peptide + HLA	percent	50	depmap_survivability	DepMap survivability	Depmap_survivability_score	lower_better	30	0.0	0.0015151515151515152	0.0	1	1	29	0	0.0	0.0
strict_positive_experimental	Strict positive experimental evidence	relaxed_min8_peptide_hla	Relaxed min-8 peptide + HLA	percent	50	net_betweenness	Network betweenness	Net_Betweenness	higher_better	30	0.0	0.0015151515151515152	0.0	1	1	29	0	0.0	0.0
strict_positive_experimental	Strict positive experimental evidence	relaxed_min8_peptide_hla	Relaxed min-8 peptide + HLA	percent	50	net_degree	Network degree	Net_Degree	higher_better	30	0.0	0.0015151515151515152	0.0	1	1	29	0	0.0	0.0
strict_positive_experimental	Strict positive experimental evidence	relaxed_min8_peptide_hla	Relaxed min-8 peptide + HLA	percent	50	net_impact	Network impact	Net_Impact	higher_better	30	0.0	0.0015151515151515152	0.0	1	1	29	0	0.0	0.0
strict_positive_experimental	Strict positive experimental evidence	relaxed_min8_peptide_hla	Relaxed min-8 peptide + HLA	percent	50	net_strength	Network strength	Net_Strength	higher_better	30	0.0	0.0015151515151515152	0.0	1	1	29	0	0.0	0.0
strict_positive_experimental	Strict positive experimental evidence	relaxed_min8_peptide_hla	Relaxed min-8 peptide + HLA	percent	50	net_wci	Network WCI	Net_WCI	higher_better	30	0.0	0.0015151515151515152	0.0	1	1	29	0	0.0	0.0
strict_positive_experimental	Strict positive experimental evidence	relaxed_min8_peptide_hla	Relaxed min-8 peptide + HLA	percent	50	tumor_dna_vaf	Tumor DNA VAF	Tumor DNA VAF	higher_better	30	0.0	0.0015151515151515152	0.0	1	1	29	0	0.0	0.0
strict_positive_experimental	Strict positive experimental evidence	relaxed_min8_peptide_hla	Relaxed min-8 peptide + HLA	percent	60	borda	Borda	Borda_Rank	lower_better	30	0.0	0.0012345679012345679	0.0	1	1	29	0	0.0	0.0
strict_positive_experimental	Strict positive experimental evidence	relaxed_min8_peptide_hla	Relaxed min-8 peptide + HLA	percent	60	depmap_survivability	DepMap survivability	Depmap_survivability_score	lower_better	30	0.0	0.0012345679012345679	0.0	1	1	29	0	0.0	0.0
strict_positive_experimental	Strict positive experimental evidence	relaxed_min8_peptide_hla	Relaxed min-8 peptide + HLA	percent	60	net_betweenness	Network betweenness	Net_Betweenness	higher_better	30	0.0	0.0012345679012345679	0.0	1	1	29	0	0.0	0.0
strict_positive_experimental	Strict positive experimental evidence	relaxed_min8_peptide_hla	Relaxed min-8 peptide + HLA	percent	60	net_degree	Network degree	Net_Degree	higher_better	30	0.0	0.0012345679012345679	0.0	1	1	29	0	0.0	0.0
strict_positive_experimental	Strict positive experimental evidence	relaxed_min8_peptide_hla	Relaxed min-8 peptide + HLA	percent	60	net_impact	Network impact	Net_Impact	higher_better	30	0.0	0.0012345679012345679	0.0	1	1	29	0	0.0	0.0
strict_positive_experimental	Strict positive experimental evidence	relaxed_min8_peptide_hla	Relaxed min-8 peptide + HLA	percent	60	net_strength	Network strength	Net_Strength	higher_better	30	0.0	0.0012345679012345679	0.0	1	1	29	0	0.0	0.0
strict_positive_experimental	Strict positive experimental evidence	relaxed_min8_peptide_hla	Relaxed min-8 peptide + HLA	percent	60	net_wci	Network WCI	Net_WCI	higher_better	30	0.0	0.0012345679012345679	0.0	1	1	29	0	0.0	0.0
strict_positive_experimental	Strict positive experimental evidence	relaxed_min8_peptide_hla	Relaxed min-8 peptide + HLA	percent	60	tumor_dna_vaf	Tumor DNA VAF	Tumor DNA VAF	higher_better	30	0.0	0.0012345679012345679	0.0	1	1	29	0	0.0	0.0
strict_positive_experimental	Strict positive experimental evidence	relaxed_min8_peptide_hla	Relaxed min-8 peptide + HLA	topn	10	borda	Borda	Borda_Rank	lower_better	30	0.0	0.0	0.0	0	0	30	0	0.0	0.0
strict_positive_experimental	Strict positive experimental evidence	relaxed_min8_peptide_hla	Relaxed min-8 peptide + HLA	topn	10	depmap_survivability	DepMap survivability	Depmap_survivability_score	lower_better	30	0.0	0.0	0.0	0	0	30	0	0.0	0.0
strict_positive_experimental	Strict positive experimental evidence	relaxed_min8_peptide_hla	Relaxed min-8 peptide + HLA	topn	10	net_betweenness	Network betweenness	Net_Betweenness	higher_better	30	0.0	0.0	0.0	0	0	30	0	0.0	0.0
strict_positive_experimental	Strict positive experimental evidence	relaxed_min8_peptide_hla	Relaxed min-8 peptide + HLA	topn	10	net_degree	Network degree	Net_Degree	higher_better	30	0.0	0.0	0.0	0	0	30	0	0.0	0.0
strict_positive_experimental	Strict positive experimental evidence	relaxed_min8_peptide_hla	Relaxed min-8 peptide + HLA	topn	10	net_impact	Network impact	Net_Impact	higher_better	30	0.0	0.0	0.0	0	0	30	0	0.0	0.0
strict_positive_experimental	Strict positive experimental evidence	relaxed_min8_peptide_hla	Relaxed min-8 peptide + HLA	topn	10	net_strength	Network strength	Net_Strength	higher_better	30	0.0	0.0	0.0	0	0	30	0	0.0	0.0
strict_positive_experimental	Strict positive experimental evidence	relaxed_min8_peptide_hla	Relaxed min-8 peptide + HLA	topn	10	net_wci	Network WCI	Net_WCI	higher_better	30	0.0	0.0	0.0	0	0	30	0	0.0	0.0
strict_positive_experimental	Strict positive experimental evidence	relaxed_min8_peptide_hla	Relaxed min-8 peptide + HLA	topn	10	tumor_dna_vaf	Tumor DNA VAF	Tumor DNA VAF	higher_better	30	0.0	0.0	0.0	0	0	30	0	0.0	0.0
strict_positive_experimental	Strict positive experimental evidence	relaxed_min8_peptide_hla	Relaxed min-8 peptide + HLA	topn	20	borda	Borda	Borda_Rank	lower_better	30	0.0	0.0016666666666666668	0.0	1	1	29	0	0.0	0.0
strict_positive_experimental	Strict positive experimental evidence	relaxed_min8_peptide_hla	Relaxed min-8 peptide + HLA	topn	20	depmap_survivability	DepMap survivability	Depmap_survivability_score	lower_better	30	0.0	0.0016666666666666668	0.0	1	1	29	0	0.0	0.0
strict_positive_experimental	Strict positive experimental evidence	relaxed_min8_peptide_hla	Relaxed min-8 peptide + HLA	topn	20	net_betweenness	Network betweenness	Net_Betweenness	higher_better	30	0.0	0.0	0.0	0	0	30	0	0.0	0.0
strict_positive_experimental	Strict positive experimental evidence	relaxed_min8_peptide_hla	Relaxed min-8 peptide + HLA	topn	20	net_degree	Network degree	Net_Degree	higher_better	30	0.0	0.0016666666666666668	0.0	1	1	29	0	0.0	0.0
strict_positive_experimental	Strict positive experimental evidence	relaxed_min8_peptide_hla	Relaxed min-8 peptide + HLA	topn	20	net_impact	Network impact	Net_Impact	higher_better	30	0.0	0.0016666666666666668	0.0	1	1	29	0	0.0	0.0
strict_positive_experimental	Strict positive experimental evidence	relaxed_min8_peptide_hla	Relaxed min-8 peptide + HLA	topn	20	net_strength	Network strength	Net_Strength	higher_better	30	0.0	0.0016666666666666668	0.0	1	1	29	0	0.0	0.0
strict_positive_experimental	Strict positive experimental evidence	relaxed_min8_peptide_hla	Relaxed min-8 peptide + HLA	topn	20	net_wci	Network WCI	Net_WCI	higher_better	30	0.0	0.0016666666666666668	0.0	1	1	29	0	0.0	0.0
strict_positive_experimental	Strict positive experimental evidence	relaxed_min8_peptide_hla	Relaxed min-8 peptide + HLA	topn	20	tumor_dna_vaf	Tumor DNA VAF	Tumor DNA VAF	higher_better	30	0.0	0.0016666666666666668	0.0	1	1	29	0	0.0	0.0
strict_positive_experimental	Strict positive experimental evidence	relaxed_min8_peptide_hla	Relaxed min-8 peptide + HLA	topn	30	borda	Borda	Borda_Rank	lower_better	30	0.0	0.0	0.0	0	0	30	0	0.0	0.0
strict_positive_experimental	Strict positive experimental evidence	relaxed_min8_peptide_hla	Relaxed min-8 peptide + HLA	topn	30	depmap_survivability	DepMap survivability	Depmap_survivability_score	lower_better	30	0.0	0.0	0.0	0	0	30	0	0.0	0.0
strict_positive_experimental	Strict positive experimental evidence	relaxed_min8_peptide_hla	Relaxed min-8 peptide + HLA	topn	30	net_betweenness	Network betweenness	Net_Betweenness	higher_better	30	0.0	0.0	0.0	0	0	30	0	0.0	0.0
strict_positive_experimental	Strict positive experimental evidence	relaxed_min8_peptide_hla	Relaxed min-8 peptide + HLA	topn	30	net_degree	Network degree	Net_Degree	higher_better	30	0.0	0.0	0.0	0	0	30	0	0.0	0.0
strict_positive_experimental	Strict positive experimental evidence	relaxed_min8_peptide_hla	Relaxed min-8 peptide + HLA	topn	30	net_impact	Network impact	Net_Impact	higher_better	30	0.0	0.0	0.0	0	0	30	0	0.0	0.0
strict_positive_experimental	Strict positive experimental evidence	relaxed_min8_peptide_hla	Relaxed min-8 peptide + HLA	topn	30	net_strength	Network strength	Net_Strength	higher_better	30	0.0	0.0	0.0	0	0	30	0	0.0	0.0
strict_positive_experimental	Strict positive experimental evidence	relaxed_min8_peptide_hla	Relaxed min-8 peptide + HLA	topn	30	net_wci	Network WCI	Net_WCI	higher_better	30	0.0	0.0	0.0	0	0	30	0	0.0	0.0
strict_positive_experimental	Strict positive experimental evidence	relaxed_min8_peptide_hla	Relaxed min-8 peptide + HLA	topn	30	tumor_dna_vaf	Tumor DNA VAF	Tumor DNA VAF	higher_better	30	0.0	0.0	0.0	0	0	30	0	0.0	0.0
strict_positive_experimental	Strict positive experimental evidence	relaxed_min8_peptide_hla	Relaxed min-8 peptide + HLA	topn	40	borda	Borda	Borda_Rank	lower_better	30	0.0	0.0	0.0	0	0	30	0	0.0	0.0
strict_positive_experimental	Strict positive experimental evidence	relaxed_min8_peptide_hla	Relaxed min-8 peptide + HLA	topn	40	depmap_survivability	DepMap survivability	Depmap_survivability_score	lower_better	30	0.0	0.0	0.0	0	0	30	0	0.0	0.0
strict_positive_experimental	Strict positive experimental evidence	relaxed_min8_peptide_hla	Relaxed min-8 peptide + HLA	topn	40	net_betweenness	Network betweenness	Net_Betweenness	higher_better	30	0.0	0.0	0.0	0	0	30	0	0.0	0.0
strict_positive_experimental	Strict positive experimental evidence	relaxed_min8_peptide_hla	Relaxed min-8 peptide + HLA	topn	40	net_degree	Network degree	Net_Degree	higher_better	30	0.0	0.0	0.0	0	0	30	0	0.0	0.0
strict_positive_experimental	Strict positive experimental evidence	relaxed_min8_peptide_hla	Relaxed min-8 peptide + HLA	topn	40	net_impact	Network impact	Net_Impact	higher_better	30	0.0	0.0	0.0	0	0	30	0	0.0	0.0
strict_positive_experimental	Strict positive experimental evidence	relaxed_min8_peptide_hla	Relaxed min-8 peptide + HLA	topn	40	net_strength	Network strength	Net_Strength	higher_better	30	0.0	0.0	0.0	0	0	30	0	0.0	0.0
strict_positive_experimental	Strict positive experimental evidence	relaxed_min8_peptide_hla	Relaxed min-8 peptide + HLA	topn	40	net_wci	Network WCI	Net_WCI	higher_better	30	0.0	0.0	0.0	0	0	30	0	0.0	0.0
strict_positive_experimental	Strict positive experimental evidence	relaxed_min8_peptide_hla	Relaxed min-8 peptide + HLA	topn	40	tumor_dna_vaf	Tumor DNA VAF	Tumor DNA VAF	higher_better	30	0.0	0.0	0.0	0	0	30	0	0.0	0.0
strict_positive_experimental	Strict positive experimental evidence	relaxed_min8_peptide_hla	Relaxed min-8 peptide + HLA	topn	50	borda	Borda	Borda_Rank	lower_better	30	0.0	0.0	0.0	0	0	30	0	0.0	0.0
strict_positive_experimental	Strict positive experimental evidence	relaxed_min8_peptide_hla	Relaxed min-8 peptide + HLA	topn	50	depmap_survivability	DepMap survivability	Depmap_survivability_score	lower_better	30	0.0	0.0	0.0	0	0	30	0	0.0	0.0
strict_positive_experimental	Strict positive experimental evidence	relaxed_min8_peptide_hla	Relaxed min-8 peptide + HLA	topn	50	net_betweenness	Network betweenness	Net_Betweenness	higher_better	30	0.0	0.0	0.0	0	0	30	0	0.0	0.0
strict_positive_experimental	Strict positive experimental evidence	relaxed_min8_peptide_hla	Relaxed min-8 peptide + HLA	topn	50	net_degree	Network degree	Net_Degree	higher_better	30	0.0	0.0	0.0	0	0	30	0	0.0	0.0
strict_positive_experimental	Strict positive experimental evidence	relaxed_min8_peptide_hla	Relaxed min-8 peptide + HLA	topn	50	net_impact	Network impact	Net_Impact	higher_better	30	0.0	0.0	0.0	0	0	30	0	0.0	0.0
strict_positive_experimental	Strict positive experimental evidence	relaxed_min8_peptide_hla	Relaxed min-8 peptide + HLA	topn	50	net_strength	Network strength	Net_Strength	higher_better	30	0.0	0.0	0.0	0	0	30	0	0.0	0.0
strict_positive_experimental	Strict positive experimental evidence	relaxed_min8_peptide_hla	Relaxed min-8 peptide + HLA	topn	50	net_wci	Network WCI	Net_WCI	higher_better	30	0.0	0.0	0.0	0	0	30	0	0.0	0.0
strict_positive_experimental	Strict positive experimental evidence	relaxed_min8_peptide_hla	Relaxed min-8 peptide + HLA	topn	50	tumor_dna_vaf	Tumor DNA VAF	Tumor DNA VAF	higher_better	30	0.0	0.0	0.0	0	0	30	0	0.0	0.0
