sample_id	criterion	criterion_label	cutoff_type	cutoff	method	hit_rate
TCGA-BF-A1PV	min8	Min-8 containment	Top-N	10	Borda	0.4
TCGA-BF-A1PV	min8	Min-8 containment	Top-N	20	Borda	0.55
TCGA-BF-A1PV	min8	Min-8 containment	Top-N	50	Borda	0.3409090909090909
TCGA-BF-A1PV	min8	Min-8 containment	Top-percentile	1	Borda	0.0
TCGA-BF-A1PV	min8	Min-8 containment	Top-percentile	5	Borda	0.0
TCGA-BF-A1PV	min8	Min-8 containment	Top-percentile	10	Borda	0.2
TCGA-BF-A1PV	min8	Min-8 containment	Top-percentile	20	Borda	0.3333333333333333
TCGA-BF-A1PV	min8	Min-8 containment	Top-N	10	IC50-only	0.2
TCGA-BF-A1PV	min8	Min-8 containment	Top-N	20	IC50-only	0.4
TCGA-BF-A1PV	min8	Min-8 containment	Top-N	50	IC50-only	0.3409090909090909
TCGA-BF-A1PV	min8	Min-8 containment	Top-percentile	1	IC50-only	0.0
TCGA-BF-A1PV	min8	Min-8 containment	Top-percentile	5	IC50-only	0.3333333333333333
TCGA-BF-A1PV	min8	Min-8 containment	Top-percentile	10	IC50-only	0.2
TCGA-BF-A1PV	min8	Min-8 containment	Top-percentile	20	IC50-only	0.2222222222222222
TCGA-BF-A1PV	min8_cov50	Min-8 + >=50% coverage	Top-N	10	Borda	0.4
TCGA-BF-A1PV	min8_cov50	Min-8 + >=50% coverage	Top-N	20	Borda	0.4
TCGA-BF-A1PV	min8_cov50	Min-8 + >=50% coverage	Top-N	50	Borda	0.25
TCGA-BF-A1PV	min8_cov50	Min-8 + >=50% coverage	Top-percentile	1	Borda	0.0
TCGA-BF-A1PV	min8_cov50	Min-8 + >=50% coverage	Top-percentile	5	Borda	0.0
TCGA-BF-A1PV	min8_cov50	Min-8 + >=50% coverage	Top-percentile	10	Borda	0.2
TCGA-BF-A1PV	min8_cov50	Min-8 + >=50% coverage	Top-percentile	20	Borda	0.3333333333333333
TCGA-BF-A1PV	min8_cov50	Min-8 + >=50% coverage	Top-N	10	IC50-only	0.2
TCGA-BF-A1PV	min8_cov50	Min-8 + >=50% coverage	Top-N	20	IC50-only	0.25
TCGA-BF-A1PV	min8_cov50	Min-8 + >=50% coverage	Top-N	50	IC50-only	0.25
TCGA-BF-A1PV	min8_cov50	Min-8 + >=50% coverage	Top-percentile	1	IC50-only	0.0
TCGA-BF-A1PV	min8_cov50	Min-8 + >=50% coverage	Top-percentile	5	IC50-only	0.3333333333333333
TCGA-BF-A1PV	min8_cov50	Min-8 + >=50% coverage	Top-percentile	10	IC50-only	0.2
TCGA-BF-A1PV	min8_cov50	Min-8 + >=50% coverage	Top-percentile	20	IC50-only	0.2222222222222222
TCGA-BF-A1PV	min8_cov70	Min-8 + >=70% coverage	Top-N	10	Borda	0.0
TCGA-BF-A1PV	min8_cov70	Min-8 + >=70% coverage	Top-N	20	Borda	0.1
TCGA-BF-A1PV	min8_cov70	Min-8 + >=70% coverage	Top-N	50	Borda	0.045454545454545456
TCGA-BF-A1PV	min8_cov70	Min-8 + >=70% coverage	Top-percentile	1	Borda	0.0
TCGA-BF-A1PV	min8_cov70	Min-8 + >=70% coverage	Top-percentile	5	Borda	0.0
TCGA-BF-A1PV	min8_cov70	Min-8 + >=70% coverage	Top-percentile	10	Borda	0.0
TCGA-BF-A1PV	min8_cov70	Min-8 + >=70% coverage	Top-percentile	20	Borda	0.0
TCGA-BF-A1PV	min8_cov70	Min-8 + >=70% coverage	Top-N	10	IC50-only	0.0
TCGA-BF-A1PV	min8_cov70	Min-8 + >=70% coverage	Top-N	20	IC50-only	0.05
TCGA-BF-A1PV	min8_cov70	Min-8 + >=70% coverage	Top-N	50	IC50-only	0.045454545454545456
TCGA-BF-A1PV	min8_cov70	Min-8 + >=70% coverage	Top-percentile	1	IC50-only	0.0
TCGA-BF-A1PV	min8_cov70	Min-8 + >=70% coverage	Top-percentile	5	IC50-only	0.0
TCGA-BF-A1PV	min8_cov70	Min-8 + >=70% coverage	Top-percentile	10	IC50-only	0.0
TCGA-BF-A1PV	min8_cov70	Min-8 + >=70% coverage	Top-percentile	20	IC50-only	0.0
TCGA-BF-A1PV	min8_cov80	Min-8 + >=80% coverage	Top-N	10	Borda	0.0
TCGA-BF-A1PV	min8_cov80	Min-8 + >=80% coverage	Top-N	20	Borda	0.05
TCGA-BF-A1PV	min8_cov80	Min-8 + >=80% coverage	Top-N	50	Borda	0.022727272727272728
TCGA-BF-A1PV	min8_cov80	Min-8 + >=80% coverage	Top-percentile	1	Borda	0.0
TCGA-BF-A1PV	min8_cov80	Min-8 + >=80% coverage	Top-percentile	5	Borda	0.0
TCGA-BF-A1PV	min8_cov80	Min-8 + >=80% coverage	Top-percentile	10	Borda	0.0
TCGA-BF-A1PV	min8_cov80	Min-8 + >=80% coverage	Top-percentile	20	Borda	0.0
TCGA-BF-A1PV	min8_cov80	Min-8 + >=80% coverage	Top-N	10	IC50-only	0.0
TCGA-BF-A1PV	min8_cov80	Min-8 + >=80% coverage	Top-N	20	IC50-only	0.05
TCGA-BF-A1PV	min8_cov80	Min-8 + >=80% coverage	Top-N	50	IC50-only	0.022727272727272728
TCGA-BF-A1PV	min8_cov80	Min-8 + >=80% coverage	Top-percentile	1	IC50-only	0.0
TCGA-BF-A1PV	min8_cov80	Min-8 + >=80% coverage	Top-percentile	5	IC50-only	0.0
TCGA-BF-A1PV	min8_cov80	Min-8 + >=80% coverage	Top-percentile	10	IC50-only	0.0
TCGA-BF-A1PV	min8_cov80	Min-8 + >=80% coverage	Top-percentile	20	IC50-only	0.0
TCGA-BF-A3DJ	min8	Min-8 containment	Top-N	10	Borda	0.4
TCGA-BF-A3DJ	min8	Min-8 containment	Top-N	20	Borda	0.3
TCGA-BF-A3DJ	min8	Min-8 containment	Top-N	50	Borda	0.37142857142857144
TCGA-BF-A3DJ	min8	Min-8 containment	Top-percentile	1	Borda	1.0
TCGA-BF-A3DJ	min8	Min-8 containment	Top-percentile	5	Borda	1.0
TCGA-BF-A3DJ	min8	Min-8 containment	Top-percentile	10	Borda	0.5
TCGA-BF-A3DJ	min8	Min-8 containment	Top-percentile	20	Borda	0.5714285714285714
TCGA-BF-A3DJ	min8	Min-8 containment	Top-N	10	IC50-only	0.5
TCGA-BF-A3DJ	min8	Min-8 containment	Top-N	20	IC50-only	0.45
TCGA-BF-A3DJ	min8	Min-8 containment	Top-N	50	IC50-only	0.37142857142857144
TCGA-BF-A3DJ	min8	Min-8 containment	Top-percentile	1	IC50-only	1.0
TCGA-BF-A3DJ	min8	Min-8 containment	Top-percentile	5	IC50-only	1.0
TCGA-BF-A3DJ	min8	Min-8 containment	Top-percentile	10	IC50-only	1.0
TCGA-BF-A3DJ	min8	Min-8 containment	Top-percentile	20	IC50-only	0.5714285714285714
TCGA-BF-A3DJ	min8_cov50	Min-8 + >=50% coverage	Top-N	10	Borda	0.0
TCGA-BF-A3DJ	min8_cov50	Min-8 + >=50% coverage	Top-N	20	Borda	0.05
TCGA-BF-A3DJ	min8_cov50	Min-8 + >=50% coverage	Top-N	50	Borda	0.08571428571428572
TCGA-BF-A3DJ	min8_cov50	Min-8 + >=50% coverage	Top-percentile	1	Borda	0.0
TCGA-BF-A3DJ	min8_cov50	Min-8 + >=50% coverage	Top-percentile	5	Borda	0.0
TCGA-BF-A3DJ	min8_cov50	Min-8 + >=50% coverage	Top-percentile	10	Borda	0.0
TCGA-BF-A3DJ	min8_cov50	Min-8 + >=50% coverage	Top-percentile	20	Borda	0.0
TCGA-BF-A3DJ	min8_cov50	Min-8 + >=50% coverage	Top-N	10	IC50-only	0.1
TCGA-BF-A3DJ	min8_cov50	Min-8 + >=50% coverage	Top-N	20	IC50-only	0.15
TCGA-BF-A3DJ	min8_cov50	Min-8 + >=50% coverage	Top-N	50	IC50-only	0.08571428571428572
TCGA-BF-A3DJ	min8_cov50	Min-8 + >=50% coverage	Top-percentile	1	IC50-only	0.0
TCGA-BF-A3DJ	min8_cov50	Min-8 + >=50% coverage	Top-percentile	5	IC50-only	0.0
TCGA-BF-A3DJ	min8_cov50	Min-8 + >=50% coverage	Top-percentile	10	IC50-only	0.25
TCGA-BF-A3DJ	min8_cov50	Min-8 + >=50% coverage	Top-percentile	20	IC50-only	0.14285714285714285
TCGA-BF-A3DJ	min8_cov70	Min-8 + >=70% coverage	Top-N	10	Borda	0.0
TCGA-BF-A3DJ	min8_cov70	Min-8 + >=70% coverage	Top-N	20	Borda	0.0
TCGA-BF-A3DJ	min8_cov70	Min-8 + >=70% coverage	Top-N	50	Borda	0.0
TCGA-BF-A3DJ	min8_cov70	Min-8 + >=70% coverage	Top-percentile	1	Borda	0.0
TCGA-BF-A3DJ	min8_cov70	Min-8 + >=70% coverage	Top-percentile	5	Borda	0.0
TCGA-BF-A3DJ	min8_cov70	Min-8 + >=70% coverage	Top-percentile	10	Borda	0.0
TCGA-BF-A3DJ	min8_cov70	Min-8 + >=70% coverage	Top-percentile	20	Borda	0.0
TCGA-BF-A3DJ	min8_cov70	Min-8 + >=70% coverage	Top-N	10	IC50-only	0.0
TCGA-BF-A3DJ	min8_cov70	Min-8 + >=70% coverage	Top-N	20	IC50-only	0.0
TCGA-BF-A3DJ	min8_cov70	Min-8 + >=70% coverage	Top-N	50	IC50-only	0.0
TCGA-BF-A3DJ	min8_cov70	Min-8 + >=70% coverage	Top-percentile	1	IC50-only	0.0
TCGA-BF-A3DJ	min8_cov70	Min-8 + >=70% coverage	Top-percentile	5	IC50-only	0.0
TCGA-BF-A3DJ	min8_cov70	Min-8 + >=70% coverage	Top-percentile	10	IC50-only	0.0
TCGA-BF-A3DJ	min8_cov70	Min-8 + >=70% coverage	Top-percentile	20	IC50-only	0.0
TCGA-BF-A3DJ	min8_cov80	Min-8 + >=80% coverage	Top-N	10	Borda	0.0
TCGA-BF-A3DJ	min8_cov80	Min-8 + >=80% coverage	Top-N	20	Borda	0.0
TCGA-BF-A3DJ	min8_cov80	Min-8 + >=80% coverage	Top-N	50	Borda	0.0
TCGA-BF-A3DJ	min8_cov80	Min-8 + >=80% coverage	Top-percentile	1	Borda	0.0
TCGA-BF-A3DJ	min8_cov80	Min-8 + >=80% coverage	Top-percentile	5	Borda	0.0
TCGA-BF-A3DJ	min8_cov80	Min-8 + >=80% coverage	Top-percentile	10	Borda	0.0
TCGA-BF-A3DJ	min8_cov80	Min-8 + >=80% coverage	Top-percentile	20	Borda	0.0
TCGA-BF-A3DJ	min8_cov80	Min-8 + >=80% coverage	Top-N	10	IC50-only	0.0
TCGA-BF-A3DJ	min8_cov80	Min-8 + >=80% coverage	Top-N	20	IC50-only	0.0
TCGA-BF-A3DJ	min8_cov80	Min-8 + >=80% coverage	Top-N	50	IC50-only	0.0
TCGA-BF-A3DJ	min8_cov80	Min-8 + >=80% coverage	Top-percentile	1	IC50-only	0.0
TCGA-BF-A3DJ	min8_cov80	Min-8 + >=80% coverage	Top-percentile	5	IC50-only	0.0
TCGA-BF-A3DJ	min8_cov80	Min-8 + >=80% coverage	Top-percentile	10	IC50-only	0.0
TCGA-BF-A3DJ	min8_cov80	Min-8 + >=80% coverage	Top-percentile	20	IC50-only	0.0
TCGA-BF-A3DL	min8	Min-8 containment	Top-N	10	Borda	0.2
TCGA-BF-A3DL	min8	Min-8 containment	Top-N	20	Borda	0.25
TCGA-BF-A3DL	min8	Min-8 containment	Top-N	50	Borda	0.21739130434782608
TCGA-BF-A3DL	min8	Min-8 containment	Top-percentile	1	Borda	0.0
TCGA-BF-A3DL	min8	Min-8 containment	Top-percentile	5	Borda	0.0
TCGA-BF-A3DL	min8	Min-8 containment	Top-percentile	10	Borda	0.0
TCGA-BF-A3DL	min8	Min-8 containment	Top-percentile	20	Borda	0.2
TCGA-BF-A3DL	min8	Min-8 containment	Top-N	10	IC50-only	0.1
TCGA-BF-A3DL	min8	Min-8 containment	Top-N	20	IC50-only	0.2
TCGA-BF-A3DL	min8	Min-8 containment	Top-N	50	IC50-only	0.21739130434782608
TCGA-BF-A3DL	min8	Min-8 containment	Top-percentile	1	IC50-only	0.0
TCGA-BF-A3DL	min8	Min-8 containment	Top-percentile	5	IC50-only	0.0
TCGA-BF-A3DL	min8	Min-8 containment	Top-percentile	10	IC50-only	0.0
TCGA-BF-A3DL	min8	Min-8 containment	Top-percentile	20	IC50-only	0.1
TCGA-BF-A3DL	min8_cov50	Min-8 + >=50% coverage	Top-N	10	Borda	0.1
TCGA-BF-A3DL	min8_cov50	Min-8 + >=50% coverage	Top-N	20	Borda	0.15
TCGA-BF-A3DL	min8_cov50	Min-8 + >=50% coverage	Top-N	50	Borda	0.10869565217391304
TCGA-BF-A3DL	min8_cov50	Min-8 + >=50% coverage	Top-percentile	1	Borda	0.0
TCGA-BF-A3DL	min8_cov50	Min-8 + >=50% coverage	Top-percentile	5	Borda	0.0
TCGA-BF-A3DL	min8_cov50	Min-8 + >=50% coverage	Top-percentile	10	Borda	0.0
TCGA-BF-A3DL	min8_cov50	Min-8 + >=50% coverage	Top-percentile	20	Borda	0.1
TCGA-BF-A3DL	min8_cov50	Min-8 + >=50% coverage	Top-N	10	IC50-only	0.1
TCGA-BF-A3DL	min8_cov50	Min-8 + >=50% coverage	Top-N	20	IC50-only	0.05
TCGA-BF-A3DL	min8_cov50	Min-8 + >=50% coverage	Top-N	50	IC50-only	0.10869565217391304
TCGA-BF-A3DL	min8_cov50	Min-8 + >=50% coverage	Top-percentile	1	IC50-only	0.0
TCGA-BF-A3DL	min8_cov50	Min-8 + >=50% coverage	Top-percentile	5	IC50-only	0.0
TCGA-BF-A3DL	min8_cov50	Min-8 + >=50% coverage	Top-percentile	10	IC50-only	0.0
TCGA-BF-A3DL	min8_cov50	Min-8 + >=50% coverage	Top-percentile	20	IC50-only	0.1
TCGA-BF-A3DL	min8_cov70	Min-8 + >=70% coverage	Top-N	10	Borda	0.0
TCGA-BF-A3DL	min8_cov70	Min-8 + >=70% coverage	Top-N	20	Borda	0.05
TCGA-BF-A3DL	min8_cov70	Min-8 + >=70% coverage	Top-N	50	Borda	0.021739130434782608
TCGA-BF-A3DL	min8_cov70	Min-8 + >=70% coverage	Top-percentile	1	Borda	0.0
TCGA-BF-A3DL	min8_cov70	Min-8 + >=70% coverage	Top-percentile	5	Borda	0.0
TCGA-BF-A3DL	min8_cov70	Min-8 + >=70% coverage	Top-percentile	10	Borda	0.0
TCGA-BF-A3DL	min8_cov70	Min-8 + >=70% coverage	Top-percentile	20	Borda	0.0
TCGA-BF-A3DL	min8_cov70	Min-8 + >=70% coverage	Top-N	10	IC50-only	0.0
TCGA-BF-A3DL	min8_cov70	Min-8 + >=70% coverage	Top-N	20	IC50-only	0.0
TCGA-BF-A3DL	min8_cov70	Min-8 + >=70% coverage	Top-N	50	IC50-only	0.021739130434782608
TCGA-BF-A3DL	min8_cov70	Min-8 + >=70% coverage	Top-percentile	1	IC50-only	0.0
TCGA-BF-A3DL	min8_cov70	Min-8 + >=70% coverage	Top-percentile	5	IC50-only	0.0
TCGA-BF-A3DL	min8_cov70	Min-8 + >=70% coverage	Top-percentile	10	IC50-only	0.0
TCGA-BF-A3DL	min8_cov70	Min-8 + >=70% coverage	Top-percentile	20	IC50-only	0.0
TCGA-BF-A3DL	min8_cov80	Min-8 + >=80% coverage	Top-N	10	Borda	0.0
TCGA-BF-A3DL	min8_cov80	Min-8 + >=80% coverage	Top-N	20	Borda	0.0
TCGA-BF-A3DL	min8_cov80	Min-8 + >=80% coverage	Top-N	50	Borda	0.0
TCGA-BF-A3DL	min8_cov80	Min-8 + >=80% coverage	Top-percentile	1	Borda	0.0
TCGA-BF-A3DL	min8_cov80	Min-8 + >=80% coverage	Top-percentile	5	Borda	0.0
TCGA-BF-A3DL	min8_cov80	Min-8 + >=80% coverage	Top-percentile	10	Borda	0.0
TCGA-BF-A3DL	min8_cov80	Min-8 + >=80% coverage	Top-percentile	20	Borda	0.0
TCGA-BF-A3DL	min8_cov80	Min-8 + >=80% coverage	Top-N	10	IC50-only	0.0
TCGA-BF-A3DL	min8_cov80	Min-8 + >=80% coverage	Top-N	20	IC50-only	0.0
TCGA-BF-A3DL	min8_cov80	Min-8 + >=80% coverage	Top-N	50	IC50-only	0.0
TCGA-BF-A3DL	min8_cov80	Min-8 + >=80% coverage	Top-percentile	1	IC50-only	0.0
TCGA-BF-A3DL	min8_cov80	Min-8 + >=80% coverage	Top-percentile	5	IC50-only	0.0
TCGA-BF-A3DL	min8_cov80	Min-8 + >=80% coverage	Top-percentile	10	IC50-only	0.0
TCGA-BF-A3DL	min8_cov80	Min-8 + >=80% coverage	Top-percentile	20	IC50-only	0.0
TCGA-BF-A3DM	min8	Min-8 containment	Top-N	10	Borda	0.3
TCGA-BF-A3DM	min8	Min-8 containment	Top-N	20	Borda	0.3
TCGA-BF-A3DM	min8	Min-8 containment	Top-N	50	Borda	0.2
TCGA-BF-A3DM	min8	Min-8 containment	Top-percentile	1	Borda	0.0
TCGA-BF-A3DM	min8	Min-8 containment	Top-percentile	5	Borda	0.4
TCGA-BF-A3DM	min8	Min-8 containment	Top-percentile	10	Borda	0.3
TCGA-BF-A3DM	min8	Min-8 containment	Top-percentile	20	Borda	0.2631578947368421
TCGA-BF-A3DM	min8	Min-8 containment	Top-N	10	IC50-only	0.4
TCGA-BF-A3DM	min8	Min-8 containment	Top-N	20	IC50-only	0.2
TCGA-BF-A3DM	min8	Min-8 containment	Top-N	50	IC50-only	0.22
TCGA-BF-A3DM	min8	Min-8 containment	Top-percentile	1	IC50-only	1.0
TCGA-BF-A3DM	min8	Min-8 containment	Top-percentile	5	IC50-only	0.6
TCGA-BF-A3DM	min8	Min-8 containment	Top-percentile	10	IC50-only	0.4
TCGA-BF-A3DM	min8	Min-8 containment	Top-percentile	20	IC50-only	0.21052631578947367
TCGA-BF-A3DM	min8_cov50	Min-8 + >=50% coverage	Top-N	10	Borda	0.1
TCGA-BF-A3DM	min8_cov50	Min-8 + >=50% coverage	Top-N	20	Borda	0.15
TCGA-BF-A3DM	min8_cov50	Min-8 + >=50% coverage	Top-N	50	Borda	0.08
TCGA-BF-A3DM	min8_cov50	Min-8 + >=50% coverage	Top-percentile	1	Borda	0.0
TCGA-BF-A3DM	min8_cov50	Min-8 + >=50% coverage	Top-percentile	5	Borda	0.0
TCGA-BF-A3DM	min8_cov50	Min-8 + >=50% coverage	Top-percentile	10	Borda	0.1
TCGA-BF-A3DM	min8_cov50	Min-8 + >=50% coverage	Top-percentile	20	Borda	0.10526315789473684
TCGA-BF-A3DM	min8_cov50	Min-8 + >=50% coverage	Top-N	10	IC50-only	0.2
TCGA-BF-A3DM	min8_cov50	Min-8 + >=50% coverage	Top-N	20	IC50-only	0.1
TCGA-BF-A3DM	min8_cov50	Min-8 + >=50% coverage	Top-N	50	IC50-only	0.06
TCGA-BF-A3DM	min8_cov50	Min-8 + >=50% coverage	Top-percentile	1	IC50-only	1.0
TCGA-BF-A3DM	min8_cov50	Min-8 + >=50% coverage	Top-percentile	5	IC50-only	0.4
TCGA-BF-A3DM	min8_cov50	Min-8 + >=50% coverage	Top-percentile	10	IC50-only	0.2
TCGA-BF-A3DM	min8_cov50	Min-8 + >=50% coverage	Top-percentile	20	IC50-only	0.10526315789473684
TCGA-BF-A3DM	min8_cov70	Min-8 + >=70% coverage	Top-N	10	Borda	0.0
TCGA-BF-A3DM	min8_cov70	Min-8 + >=70% coverage	Top-N	20	Borda	0.0
TCGA-BF-A3DM	min8_cov70	Min-8 + >=70% coverage	Top-N	50	Borda	0.0
TCGA-BF-A3DM	min8_cov70	Min-8 + >=70% coverage	Top-percentile	1	Borda	0.0
TCGA-BF-A3DM	min8_cov70	Min-8 + >=70% coverage	Top-percentile	5	Borda	0.0
TCGA-BF-A3DM	min8_cov70	Min-8 + >=70% coverage	Top-percentile	10	Borda	0.0
TCGA-BF-A3DM	min8_cov70	Min-8 + >=70% coverage	Top-percentile	20	Borda	0.0
TCGA-BF-A3DM	min8_cov70	Min-8 + >=70% coverage	Top-N	10	IC50-only	0.0
TCGA-BF-A3DM	min8_cov70	Min-8 + >=70% coverage	Top-N	20	IC50-only	0.0
TCGA-BF-A3DM	min8_cov70	Min-8 + >=70% coverage	Top-N	50	IC50-only	0.0
TCGA-BF-A3DM	min8_cov70	Min-8 + >=70% coverage	Top-percentile	1	IC50-only	0.0
TCGA-BF-A3DM	min8_cov70	Min-8 + >=70% coverage	Top-percentile	5	IC50-only	0.0
TCGA-BF-A3DM	min8_cov70	Min-8 + >=70% coverage	Top-percentile	10	IC50-only	0.0
TCGA-BF-A3DM	min8_cov70	Min-8 + >=70% coverage	Top-percentile	20	IC50-only	0.0
TCGA-BF-A3DM	min8_cov80	Min-8 + >=80% coverage	Top-N	10	Borda	0.0
TCGA-BF-A3DM	min8_cov80	Min-8 + >=80% coverage	Top-N	20	Borda	0.0
TCGA-BF-A3DM	min8_cov80	Min-8 + >=80% coverage	Top-N	50	Borda	0.0
TCGA-BF-A3DM	min8_cov80	Min-8 + >=80% coverage	Top-percentile	1	Borda	0.0
TCGA-BF-A3DM	min8_cov80	Min-8 + >=80% coverage	Top-percentile	5	Borda	0.0
TCGA-BF-A3DM	min8_cov80	Min-8 + >=80% coverage	Top-percentile	10	Borda	0.0
TCGA-BF-A3DM	min8_cov80	Min-8 + >=80% coverage	Top-percentile	20	Borda	0.0
TCGA-BF-A3DM	min8_cov80	Min-8 + >=80% coverage	Top-N	10	IC50-only	0.0
TCGA-BF-A3DM	min8_cov80	Min-8 + >=80% coverage	Top-N	20	IC50-only	0.0
TCGA-BF-A3DM	min8_cov80	Min-8 + >=80% coverage	Top-N	50	IC50-only	0.0
TCGA-BF-A3DM	min8_cov80	Min-8 + >=80% coverage	Top-percentile	1	IC50-only	0.0
TCGA-BF-A3DM	min8_cov80	Min-8 + >=80% coverage	Top-percentile	5	IC50-only	0.0
TCGA-BF-A3DM	min8_cov80	Min-8 + >=80% coverage	Top-percentile	10	IC50-only	0.0
TCGA-BF-A3DM	min8_cov80	Min-8 + >=80% coverage	Top-percentile	20	IC50-only	0.0
TCGA-BF-A3DN	min8	Min-8 containment	Top-N	10	Borda	0.2
TCGA-BF-A3DN	min8	Min-8 containment	Top-N	20	Borda	0.3
TCGA-BF-A3DN	min8	Min-8 containment	Top-N	50	Borda	0.2608695652173913
TCGA-BF-A3DN	min8	Min-8 containment	Top-percentile	1	Borda	1.0
TCGA-BF-A3DN	min8	Min-8 containment	Top-percentile	5	Borda	0.5
TCGA-BF-A3DN	min8	Min-8 containment	Top-percentile	10	Borda	0.3333333333333333
TCGA-BF-A3DN	min8	Min-8 containment	Top-percentile	20	Borda	0.2
TCGA-BF-A3DN	min8	Min-8 containment	Top-N	10	IC50-only	0.3
TCGA-BF-A3DN	min8	Min-8 containment	Top-N	20	IC50-only	0.25
TCGA-BF-A3DN	min8	Min-8 containment	Top-N	50	IC50-only	0.2608695652173913
TCGA-BF-A3DN	min8	Min-8 containment	Top-percentile	1	IC50-only	0.0
TCGA-BF-A3DN	min8	Min-8 containment	Top-percentile	5	IC50-only	0.0
TCGA-BF-A3DN	min8	Min-8 containment	Top-percentile	10	IC50-only	0.3333333333333333
TCGA-BF-A3DN	min8	Min-8 containment	Top-percentile	20	IC50-only	0.2
TCGA-BF-A3DN	min8_cov50	Min-8 + >=50% coverage	Top-N	10	Borda	0.1
TCGA-BF-A3DN	min8_cov50	Min-8 + >=50% coverage	Top-N	20	Borda	0.05
TCGA-BF-A3DN	min8_cov50	Min-8 + >=50% coverage	Top-N	50	Borda	0.043478260869565216
TCGA-BF-A3DN	min8_cov50	Min-8 + >=50% coverage	Top-percentile	1	Borda	1.0
TCGA-BF-A3DN	min8_cov50	Min-8 + >=50% coverage	Top-percentile	5	Borda	0.5
TCGA-BF-A3DN	min8_cov50	Min-8 + >=50% coverage	Top-percentile	10	Borda	0.3333333333333333
TCGA-BF-A3DN	min8_cov50	Min-8 + >=50% coverage	Top-percentile	20	Borda	0.2
TCGA-BF-A3DN	min8_cov50	Min-8 + >=50% coverage	Top-N	10	IC50-only	0.1
TCGA-BF-A3DN	min8_cov50	Min-8 + >=50% coverage	Top-N	20	IC50-only	0.05
TCGA-BF-A3DN	min8_cov50	Min-8 + >=50% coverage	Top-N	50	IC50-only	0.043478260869565216
TCGA-BF-A3DN	min8_cov50	Min-8 + >=50% coverage	Top-percentile	1	IC50-only	0.0
TCGA-BF-A3DN	min8_cov50	Min-8 + >=50% coverage	Top-percentile	5	IC50-only	0.0
TCGA-BF-A3DN	min8_cov50	Min-8 + >=50% coverage	Top-percentile	10	IC50-only	0.0
TCGA-BF-A3DN	min8_cov50	Min-8 + >=50% coverage	Top-percentile	20	IC50-only	0.0
TCGA-BF-A3DN	min8_cov70	Min-8 + >=70% coverage	Top-N	10	Borda	0.0
TCGA-BF-A3DN	min8_cov70	Min-8 + >=70% coverage	Top-N	20	Borda	0.0
TCGA-BF-A3DN	min8_cov70	Min-8 + >=70% coverage	Top-N	50	Borda	0.0
TCGA-BF-A3DN	min8_cov70	Min-8 + >=70% coverage	Top-percentile	1	Borda	0.0
TCGA-BF-A3DN	min8_cov70	Min-8 + >=70% coverage	Top-percentile	5	Borda	0.0
TCGA-BF-A3DN	min8_cov70	Min-8 + >=70% coverage	Top-percentile	10	Borda	0.0
TCGA-BF-A3DN	min8_cov70	Min-8 + >=70% coverage	Top-percentile	20	Borda	0.0
TCGA-BF-A3DN	min8_cov70	Min-8 + >=70% coverage	Top-N	10	IC50-only	0.0
TCGA-BF-A3DN	min8_cov70	Min-8 + >=70% coverage	Top-N	20	IC50-only	0.0
TCGA-BF-A3DN	min8_cov70	Min-8 + >=70% coverage	Top-N	50	IC50-only	0.0
TCGA-BF-A3DN	min8_cov70	Min-8 + >=70% coverage	Top-percentile	1	IC50-only	0.0
TCGA-BF-A3DN	min8_cov70	Min-8 + >=70% coverage	Top-percentile	5	IC50-only	0.0
TCGA-BF-A3DN	min8_cov70	Min-8 + >=70% coverage	Top-percentile	10	IC50-only	0.0
TCGA-BF-A3DN	min8_cov70	Min-8 + >=70% coverage	Top-percentile	20	IC50-only	0.0
TCGA-BF-A3DN	min8_cov80	Min-8 + >=80% coverage	Top-N	10	Borda	0.0
TCGA-BF-A3DN	min8_cov80	Min-8 + >=80% coverage	Top-N	20	Borda	0.0
TCGA-BF-A3DN	min8_cov80	Min-8 + >=80% coverage	Top-N	50	Borda	0.0
TCGA-BF-A3DN	min8_cov80	Min-8 + >=80% coverage	Top-percentile	1	Borda	0.0
TCGA-BF-A3DN	min8_cov80	Min-8 + >=80% coverage	Top-percentile	5	Borda	0.0
TCGA-BF-A3DN	min8_cov80	Min-8 + >=80% coverage	Top-percentile	10	Borda	0.0
TCGA-BF-A3DN	min8_cov80	Min-8 + >=80% coverage	Top-percentile	20	Borda	0.0
TCGA-BF-A3DN	min8_cov80	Min-8 + >=80% coverage	Top-N	10	IC50-only	0.0
TCGA-BF-A3DN	min8_cov80	Min-8 + >=80% coverage	Top-N	20	IC50-only	0.0
TCGA-BF-A3DN	min8_cov80	Min-8 + >=80% coverage	Top-N	50	IC50-only	0.0
TCGA-BF-A3DN	min8_cov80	Min-8 + >=80% coverage	Top-percentile	1	IC50-only	0.0
TCGA-BF-A3DN	min8_cov80	Min-8 + >=80% coverage	Top-percentile	5	IC50-only	0.0
TCGA-BF-A3DN	min8_cov80	Min-8 + >=80% coverage	Top-percentile	10	IC50-only	0.0
TCGA-BF-A3DN	min8_cov80	Min-8 + >=80% coverage	Top-percentile	20	IC50-only	0.0
TCGA-BF-A5EO	min8	Min-8 containment	Top-N	10	Borda	0.5
TCGA-BF-A5EO	min8	Min-8 containment	Top-N	20	Borda	0.35
TCGA-BF-A5EO	min8	Min-8 containment	Top-N	50	Borda	0.32
TCGA-BF-A5EO	min8	Min-8 containment	Top-percentile	1	Borda	0.5
TCGA-BF-A5EO	min8	Min-8 containment	Top-percentile	5	Borda	0.6666666666666666
TCGA-BF-A5EO	min8	Min-8 containment	Top-percentile	10	Borda	0.4166666666666667
TCGA-BF-A5EO	min8	Min-8 containment	Top-percentile	20	Borda	0.3333333333333333
TCGA-BF-A5EO	min8	Min-8 containment	Top-N	10	IC50-only	0.5
TCGA-BF-A5EO	min8	Min-8 containment	Top-N	20	IC50-only	0.4
TCGA-BF-A5EO	min8	Min-8 containment	Top-N	50	IC50-only	0.34
TCGA-BF-A5EO	min8	Min-8 containment	Top-percentile	1	IC50-only	0.5
TCGA-BF-A5EO	min8	Min-8 containment	Top-percentile	5	IC50-only	0.6666666666666666
TCGA-BF-A5EO	min8	Min-8 containment	Top-percentile	10	IC50-only	0.5
TCGA-BF-A5EO	min8	Min-8 containment	Top-percentile	20	IC50-only	0.4166666666666667
TCGA-BF-A5EO	min8_cov50	Min-8 + >=50% coverage	Top-N	10	Borda	0.1
TCGA-BF-A5EO	min8_cov50	Min-8 + >=50% coverage	Top-N	20	Borda	0.05
TCGA-BF-A5EO	min8_cov50	Min-8 + >=50% coverage	Top-N	50	Borda	0.12
TCGA-BF-A5EO	min8_cov50	Min-8 + >=50% coverage	Top-percentile	1	Borda	0.0
TCGA-BF-A5EO	min8_cov50	Min-8 + >=50% coverage	Top-percentile	5	Borda	0.16666666666666666
TCGA-BF-A5EO	min8_cov50	Min-8 + >=50% coverage	Top-percentile	10	Borda	0.08333333333333333
TCGA-BF-A5EO	min8_cov50	Min-8 + >=50% coverage	Top-percentile	20	Borda	0.041666666666666664
TCGA-BF-A5EO	min8_cov50	Min-8 + >=50% coverage	Top-N	10	IC50-only	0.0
TCGA-BF-A5EO	min8_cov50	Min-8 + >=50% coverage	Top-N	20	IC50-only	0.05
TCGA-BF-A5EO	min8_cov50	Min-8 + >=50% coverage	Top-N	50	IC50-only	0.08
TCGA-BF-A5EO	min8_cov50	Min-8 + >=50% coverage	Top-percentile	1	IC50-only	0.0
TCGA-BF-A5EO	min8_cov50	Min-8 + >=50% coverage	Top-percentile	5	IC50-only	0.0
TCGA-BF-A5EO	min8_cov50	Min-8 + >=50% coverage	Top-percentile	10	IC50-only	0.0
TCGA-BF-A5EO	min8_cov50	Min-8 + >=50% coverage	Top-percentile	20	IC50-only	0.08333333333333333
TCGA-BF-A5EO	min8_cov70	Min-8 + >=70% coverage	Top-N	10	Borda	0.1
TCGA-BF-A5EO	min8_cov70	Min-8 + >=70% coverage	Top-N	20	Borda	0.05
TCGA-BF-A5EO	min8_cov70	Min-8 + >=70% coverage	Top-N	50	Borda	0.04
TCGA-BF-A5EO	min8_cov70	Min-8 + >=70% coverage	Top-percentile	1	Borda	0.0
TCGA-BF-A5EO	min8_cov70	Min-8 + >=70% coverage	Top-percentile	5	Borda	0.16666666666666666
TCGA-BF-A5EO	min8_cov70	Min-8 + >=70% coverage	Top-percentile	10	Borda	0.08333333333333333
TCGA-BF-A5EO	min8_cov70	Min-8 + >=70% coverage	Top-percentile	20	Borda	0.041666666666666664
TCGA-BF-A5EO	min8_cov70	Min-8 + >=70% coverage	Top-N	10	IC50-only	0.0
TCGA-BF-A5EO	min8_cov70	Min-8 + >=70% coverage	Top-N	20	IC50-only	0.05
TCGA-BF-A5EO	min8_cov70	Min-8 + >=70% coverage	Top-N	50	IC50-only	0.04
TCGA-BF-A5EO	min8_cov70	Min-8 + >=70% coverage	Top-percentile	1	IC50-only	0.0
TCGA-BF-A5EO	min8_cov70	Min-8 + >=70% coverage	Top-percentile	5	IC50-only	0.0
TCGA-BF-A5EO	min8_cov70	Min-8 + >=70% coverage	Top-percentile	10	IC50-only	0.0
TCGA-BF-A5EO	min8_cov70	Min-8 + >=70% coverage	Top-percentile	20	IC50-only	0.08333333333333333
TCGA-BF-A5EO	min8_cov80	Min-8 + >=80% coverage	Top-N	10	Borda	0.0
TCGA-BF-A5EO	min8_cov80	Min-8 + >=80% coverage	Top-N	20	Borda	0.0
TCGA-BF-A5EO	min8_cov80	Min-8 + >=80% coverage	Top-N	50	Borda	0.02
TCGA-BF-A5EO	min8_cov80	Min-8 + >=80% coverage	Top-percentile	1	Borda	0.0
TCGA-BF-A5EO	min8_cov80	Min-8 + >=80% coverage	Top-percentile	5	Borda	0.0
TCGA-BF-A5EO	min8_cov80	Min-8 + >=80% coverage	Top-percentile	10	Borda	0.0
TCGA-BF-A5EO	min8_cov80	Min-8 + >=80% coverage	Top-percentile	20	Borda	0.0
TCGA-BF-A5EO	min8_cov80	Min-8 + >=80% coverage	Top-N	10	IC50-only	0.0
TCGA-BF-A5EO	min8_cov80	Min-8 + >=80% coverage	Top-N	20	IC50-only	0.0
TCGA-BF-A5EO	min8_cov80	Min-8 + >=80% coverage	Top-N	50	IC50-only	0.02
TCGA-BF-A5EO	min8_cov80	Min-8 + >=80% coverage	Top-percentile	1	IC50-only	0.0
TCGA-BF-A5EO	min8_cov80	Min-8 + >=80% coverage	Top-percentile	5	IC50-only	0.0
TCGA-BF-A5EO	min8_cov80	Min-8 + >=80% coverage	Top-percentile	10	IC50-only	0.0
TCGA-BF-A5EO	min8_cov80	Min-8 + >=80% coverage	Top-percentile	20	IC50-only	0.041666666666666664
TCGA-BF-A5EP	min8	Min-8 containment	Top-N	10	Borda	0.2
TCGA-BF-A5EP	min8	Min-8 containment	Top-N	20	Borda	0.25
TCGA-BF-A5EP	min8	Min-8 containment	Top-N	50	Borda	0.26
TCGA-BF-A5EP	min8	Min-8 containment	Top-percentile	1	Borda	0.0
TCGA-BF-A5EP	min8	Min-8 containment	Top-percentile	5	Borda	0.0
TCGA-BF-A5EP	min8	Min-8 containment	Top-percentile	10	Borda	0.0
TCGA-BF-A5EP	min8	Min-8 containment	Top-percentile	20	Borda	0.15384615384615385
TCGA-BF-A5EP	min8	Min-8 containment	Top-N	10	IC50-only	0.1
TCGA-BF-A5EP	min8	Min-8 containment	Top-N	20	IC50-only	0.2
TCGA-BF-A5EP	min8	Min-8 containment	Top-N	50	IC50-only	0.26
TCGA-BF-A5EP	min8	Min-8 containment	Top-percentile	1	IC50-only	0.0
TCGA-BF-A5EP	min8	Min-8 containment	Top-percentile	5	IC50-only	0.25
TCGA-BF-A5EP	min8	Min-8 containment	Top-percentile	10	IC50-only	0.14285714285714285
TCGA-BF-A5EP	min8	Min-8 containment	Top-percentile	20	IC50-only	0.15384615384615385
TCGA-BF-A5EP	min8_cov50	Min-8 + >=50% coverage	Top-N	10	Borda	0.0
TCGA-BF-A5EP	min8_cov50	Min-8 + >=50% coverage	Top-N	20	Borda	0.0
TCGA-BF-A5EP	min8_cov50	Min-8 + >=50% coverage	Top-N	50	Borda	0.0
TCGA-BF-A5EP	min8_cov50	Min-8 + >=50% coverage	Top-percentile	1	Borda	0.0
TCGA-BF-A5EP	min8_cov50	Min-8 + >=50% coverage	Top-percentile	5	Borda	0.0
TCGA-BF-A5EP	min8_cov50	Min-8 + >=50% coverage	Top-percentile	10	Borda	0.0
TCGA-BF-A5EP	min8_cov50	Min-8 + >=50% coverage	Top-percentile	20	Borda	0.0
TCGA-BF-A5EP	min8_cov50	Min-8 + >=50% coverage	Top-N	10	IC50-only	0.0
TCGA-BF-A5EP	min8_cov50	Min-8 + >=50% coverage	Top-N	20	IC50-only	0.0
TCGA-BF-A5EP	min8_cov50	Min-8 + >=50% coverage	Top-N	50	IC50-only	0.0
TCGA-BF-A5EP	min8_cov50	Min-8 + >=50% coverage	Top-percentile	1	IC50-only	0.0
TCGA-BF-A5EP	min8_cov50	Min-8 + >=50% coverage	Top-percentile	5	IC50-only	0.0
TCGA-BF-A5EP	min8_cov50	Min-8 + >=50% coverage	Top-percentile	10	IC50-only	0.0
TCGA-BF-A5EP	min8_cov50	Min-8 + >=50% coverage	Top-percentile	20	IC50-only	0.0
TCGA-BF-A5EP	min8_cov70	Min-8 + >=70% coverage	Top-N	10	Borda	0.0
TCGA-BF-A5EP	min8_cov70	Min-8 + >=70% coverage	Top-N	20	Borda	0.0
TCGA-BF-A5EP	min8_cov70	Min-8 + >=70% coverage	Top-N	50	Borda	0.0
TCGA-BF-A5EP	min8_cov70	Min-8 + >=70% coverage	Top-percentile	1	Borda	0.0
TCGA-BF-A5EP	min8_cov70	Min-8 + >=70% coverage	Top-percentile	5	Borda	0.0
TCGA-BF-A5EP	min8_cov70	Min-8 + >=70% coverage	Top-percentile	10	Borda	0.0
TCGA-BF-A5EP	min8_cov70	Min-8 + >=70% coverage	Top-percentile	20	Borda	0.0
TCGA-BF-A5EP	min8_cov70	Min-8 + >=70% coverage	Top-N	10	IC50-only	0.0
TCGA-BF-A5EP	min8_cov70	Min-8 + >=70% coverage	Top-N	20	IC50-only	0.0
TCGA-BF-A5EP	min8_cov70	Min-8 + >=70% coverage	Top-N	50	IC50-only	0.0
TCGA-BF-A5EP	min8_cov70	Min-8 + >=70% coverage	Top-percentile	1	IC50-only	0.0
TCGA-BF-A5EP	min8_cov70	Min-8 + >=70% coverage	Top-percentile	5	IC50-only	0.0
TCGA-BF-A5EP	min8_cov70	Min-8 + >=70% coverage	Top-percentile	10	IC50-only	0.0
TCGA-BF-A5EP	min8_cov70	Min-8 + >=70% coverage	Top-percentile	20	IC50-only	0.0
TCGA-BF-A5EP	min8_cov80	Min-8 + >=80% coverage	Top-N	10	Borda	0.0
TCGA-BF-A5EP	min8_cov80	Min-8 + >=80% coverage	Top-N	20	Borda	0.0
TCGA-BF-A5EP	min8_cov80	Min-8 + >=80% coverage	Top-N	50	Borda	0.0
TCGA-BF-A5EP	min8_cov80	Min-8 + >=80% coverage	Top-percentile	1	Borda	0.0
TCGA-BF-A5EP	min8_cov80	Min-8 + >=80% coverage	Top-percentile	5	Borda	0.0
TCGA-BF-A5EP	min8_cov80	Min-8 + >=80% coverage	Top-percentile	10	Borda	0.0
TCGA-BF-A5EP	min8_cov80	Min-8 + >=80% coverage	Top-percentile	20	Borda	0.0
TCGA-BF-A5EP	min8_cov80	Min-8 + >=80% coverage	Top-N	10	IC50-only	0.0
TCGA-BF-A5EP	min8_cov80	Min-8 + >=80% coverage	Top-N	20	IC50-only	0.0
TCGA-BF-A5EP	min8_cov80	Min-8 + >=80% coverage	Top-N	50	IC50-only	0.0
TCGA-BF-A5EP	min8_cov80	Min-8 + >=80% coverage	Top-percentile	1	IC50-only	0.0
TCGA-BF-A5EP	min8_cov80	Min-8 + >=80% coverage	Top-percentile	5	IC50-only	0.0
TCGA-BF-A5EP	min8_cov80	Min-8 + >=80% coverage	Top-percentile	10	IC50-only	0.0
TCGA-BF-A5EP	min8_cov80	Min-8 + >=80% coverage	Top-percentile	20	IC50-only	0.0
TCGA-BF-A5EQ	min8	Min-8 containment	Top-N	10	Borda	0.4
TCGA-BF-A5EQ	min8	Min-8 containment	Top-N	20	Borda	0.3
TCGA-BF-A5EQ	min8	Min-8 containment	Top-N	50	Borda	0.32
TCGA-BF-A5EQ	min8	Min-8 containment	Top-percentile	1	Borda	0.5
TCGA-BF-A5EQ	min8	Min-8 containment	Top-percentile	5	Borda	0.4444444444444444
TCGA-BF-A5EQ	min8	Min-8 containment	Top-percentile	10	Borda	0.2777777777777778
TCGA-BF-A5EQ	min8	Min-8 containment	Top-percentile	20	Borda	0.34285714285714286
TCGA-BF-A5EQ	min8	Min-8 containment	Top-N	10	IC50-only	0.3
TCGA-BF-A5EQ	min8	Min-8 containment	Top-N	20	IC50-only	0.35
TCGA-BF-A5EQ	min8	Min-8 containment	Top-N	50	IC50-only	0.3
TCGA-BF-A5EQ	min8	Min-8 containment	Top-percentile	1	IC50-only	0.5
TCGA-BF-A5EQ	min8	Min-8 containment	Top-percentile	5	IC50-only	0.3333333333333333
TCGA-BF-A5EQ	min8	Min-8 containment	Top-percentile	10	IC50-only	0.2777777777777778
TCGA-BF-A5EQ	min8	Min-8 containment	Top-percentile	20	IC50-only	0.37142857142857144
TCGA-BF-A5EQ	min8_cov50	Min-8 + >=50% coverage	Top-N	10	Borda	0.2
TCGA-BF-A5EQ	min8_cov50	Min-8 + >=50% coverage	Top-N	20	Borda	0.15
TCGA-BF-A5EQ	min8_cov50	Min-8 + >=50% coverage	Top-N	50	Borda	0.16
TCGA-BF-A5EQ	min8_cov50	Min-8 + >=50% coverage	Top-percentile	1	Borda	0.5
TCGA-BF-A5EQ	min8_cov50	Min-8 + >=50% coverage	Top-percentile	5	Borda	0.2222222222222222
TCGA-BF-A5EQ	min8_cov50	Min-8 + >=50% coverage	Top-percentile	10	Borda	0.16666666666666666
TCGA-BF-A5EQ	min8_cov50	Min-8 + >=50% coverage	Top-percentile	20	Borda	0.2
TCGA-BF-A5EQ	min8_cov50	Min-8 + >=50% coverage	Top-N	10	IC50-only	0.1
TCGA-BF-A5EQ	min8_cov50	Min-8 + >=50% coverage	Top-N	20	IC50-only	0.2
TCGA-BF-A5EQ	min8_cov50	Min-8 + >=50% coverage	Top-N	50	IC50-only	0.14
TCGA-BF-A5EQ	min8_cov50	Min-8 + >=50% coverage	Top-percentile	1	IC50-only	0.0
TCGA-BF-A5EQ	min8_cov50	Min-8 + >=50% coverage	Top-percentile	5	IC50-only	0.1111111111111111
TCGA-BF-A5EQ	min8_cov50	Min-8 + >=50% coverage	Top-percentile	10	IC50-only	0.1111111111111111
TCGA-BF-A5EQ	min8_cov50	Min-8 + >=50% coverage	Top-percentile	20	IC50-only	0.17142857142857143
TCGA-BF-A5EQ	min8_cov70	Min-8 + >=70% coverage	Top-N	10	Borda	0.1
TCGA-BF-A5EQ	min8_cov70	Min-8 + >=70% coverage	Top-N	20	Borda	0.05
TCGA-BF-A5EQ	min8_cov70	Min-8 + >=70% coverage	Top-N	50	Borda	0.02
TCGA-BF-A5EQ	min8_cov70	Min-8 + >=70% coverage	Top-percentile	1	Borda	0.0
TCGA-BF-A5EQ	min8_cov70	Min-8 + >=70% coverage	Top-percentile	5	Borda	0.1111111111111111
TCGA-BF-A5EQ	min8_cov70	Min-8 + >=70% coverage	Top-percentile	10	Borda	0.05555555555555555
TCGA-BF-A5EQ	min8_cov70	Min-8 + >=70% coverage	Top-percentile	20	Borda	0.02857142857142857
TCGA-BF-A5EQ	min8_cov70	Min-8 + >=70% coverage	Top-N	10	IC50-only	0.1
TCGA-BF-A5EQ	min8_cov70	Min-8 + >=70% coverage	Top-N	20	IC50-only	0.05
TCGA-BF-A5EQ	min8_cov70	Min-8 + >=70% coverage	Top-N	50	IC50-only	0.02
TCGA-BF-A5EQ	min8_cov70	Min-8 + >=70% coverage	Top-percentile	1	IC50-only	0.0
TCGA-BF-A5EQ	min8_cov70	Min-8 + >=70% coverage	Top-percentile	5	IC50-only	0.1111111111111111
TCGA-BF-A5EQ	min8_cov70	Min-8 + >=70% coverage	Top-percentile	10	IC50-only	0.05555555555555555
TCGA-BF-A5EQ	min8_cov70	Min-8 + >=70% coverage	Top-percentile	20	IC50-only	0.02857142857142857
TCGA-BF-A5EQ	min8_cov80	Min-8 + >=80% coverage	Top-N	10	Borda	0.0
TCGA-BF-A5EQ	min8_cov80	Min-8 + >=80% coverage	Top-N	20	Borda	0.0
TCGA-BF-A5EQ	min8_cov80	Min-8 + >=80% coverage	Top-N	50	Borda	0.0
TCGA-BF-A5EQ	min8_cov80	Min-8 + >=80% coverage	Top-percentile	1	Borda	0.0
TCGA-BF-A5EQ	min8_cov80	Min-8 + >=80% coverage	Top-percentile	5	Borda	0.0
TCGA-BF-A5EQ	min8_cov80	Min-8 + >=80% coverage	Top-percentile	10	Borda	0.0
TCGA-BF-A5EQ	min8_cov80	Min-8 + >=80% coverage	Top-percentile	20	Borda	0.0
TCGA-BF-A5EQ	min8_cov80	Min-8 + >=80% coverage	Top-N	10	IC50-only	0.0
TCGA-BF-A5EQ	min8_cov80	Min-8 + >=80% coverage	Top-N	20	IC50-only	0.0
TCGA-BF-A5EQ	min8_cov80	Min-8 + >=80% coverage	Top-N	50	IC50-only	0.0
TCGA-BF-A5EQ	min8_cov80	Min-8 + >=80% coverage	Top-percentile	1	IC50-only	0.0
TCGA-BF-A5EQ	min8_cov80	Min-8 + >=80% coverage	Top-percentile	5	IC50-only	0.0
TCGA-BF-A5EQ	min8_cov80	Min-8 + >=80% coverage	Top-percentile	10	IC50-only	0.0
TCGA-BF-A5EQ	min8_cov80	Min-8 + >=80% coverage	Top-percentile	20	IC50-only	0.0
TCGA-BF-A5ER	min8	Min-8 containment	Top-N	10	Borda	0.1
TCGA-BF-A5ER	min8	Min-8 containment	Top-N	20	Borda	0.15
TCGA-BF-A5ER	min8	Min-8 containment	Top-N	50	Borda	0.23529411764705882
TCGA-BF-A5ER	min8	Min-8 containment	Top-percentile	1	Borda	0.0
TCGA-BF-A5ER	min8	Min-8 containment	Top-percentile	5	Borda	0.0
TCGA-BF-A5ER	min8	Min-8 containment	Top-percentile	10	Borda	0.0
TCGA-BF-A5ER	min8	Min-8 containment	Top-percentile	20	Borda	0.14285714285714285
TCGA-BF-A5ER	min8	Min-8 containment	Top-N	10	IC50-only	0.3
TCGA-BF-A5ER	min8	Min-8 containment	Top-N	20	IC50-only	0.3
TCGA-BF-A5ER	min8	Min-8 containment	Top-N	50	IC50-only	0.23529411764705882
TCGA-BF-A5ER	min8	Min-8 containment	Top-percentile	1	IC50-only	1.0
TCGA-BF-A5ER	min8	Min-8 containment	Top-percentile	5	IC50-only	0.5
TCGA-BF-A5ER	min8	Min-8 containment	Top-percentile	10	IC50-only	0.25
TCGA-BF-A5ER	min8	Min-8 containment	Top-percentile	20	IC50-only	0.2857142857142857
TCGA-BF-A5ER	min8_cov50	Min-8 + >=50% coverage	Top-N	10	Borda	0.1
TCGA-BF-A5ER	min8_cov50	Min-8 + >=50% coverage	Top-N	20	Borda	0.1
TCGA-BF-A5ER	min8_cov50	Min-8 + >=50% coverage	Top-N	50	Borda	0.08823529411764706
TCGA-BF-A5ER	min8_cov50	Min-8 + >=50% coverage	Top-percentile	1	Borda	0.0
TCGA-BF-A5ER	min8_cov50	Min-8 + >=50% coverage	Top-percentile	5	Borda	0.0
TCGA-BF-A5ER	min8_cov50	Min-8 + >=50% coverage	Top-percentile	10	Borda	0.0
TCGA-BF-A5ER	min8_cov50	Min-8 + >=50% coverage	Top-percentile	20	Borda	0.14285714285714285
TCGA-BF-A5ER	min8_cov50	Min-8 + >=50% coverage	Top-N	10	IC50-only	0.2
TCGA-BF-A5ER	min8_cov50	Min-8 + >=50% coverage	Top-N	20	IC50-only	0.15
TCGA-BF-A5ER	min8_cov50	Min-8 + >=50% coverage	Top-N	50	IC50-only	0.08823529411764706
TCGA-BF-A5ER	min8_cov50	Min-8 + >=50% coverage	Top-percentile	1	IC50-only	1.0
TCGA-BF-A5ER	min8_cov50	Min-8 + >=50% coverage	Top-percentile	5	IC50-only	0.5
TCGA-BF-A5ER	min8_cov50	Min-8 + >=50% coverage	Top-percentile	10	IC50-only	0.25
TCGA-BF-A5ER	min8_cov50	Min-8 + >=50% coverage	Top-percentile	20	IC50-only	0.2857142857142857
TCGA-BF-A5ER	min8_cov70	Min-8 + >=70% coverage	Top-N	10	Borda	0.0
TCGA-BF-A5ER	min8_cov70	Min-8 + >=70% coverage	Top-N	20	Borda	0.0
TCGA-BF-A5ER	min8_cov70	Min-8 + >=70% coverage	Top-N	50	Borda	0.0
TCGA-BF-A5ER	min8_cov70	Min-8 + >=70% coverage	Top-percentile	1	Borda	0.0
TCGA-BF-A5ER	min8_cov70	Min-8 + >=70% coverage	Top-percentile	5	Borda	0.0
TCGA-BF-A5ER	min8_cov70	Min-8 + >=70% coverage	Top-percentile	10	Borda	0.0
TCGA-BF-A5ER	min8_cov70	Min-8 + >=70% coverage	Top-percentile	20	Borda	0.0
TCGA-BF-A5ER	min8_cov70	Min-8 + >=70% coverage	Top-N	10	IC50-only	0.0
TCGA-BF-A5ER	min8_cov70	Min-8 + >=70% coverage	Top-N	20	IC50-only	0.0
TCGA-BF-A5ER	min8_cov70	Min-8 + >=70% coverage	Top-N	50	IC50-only	0.0
TCGA-BF-A5ER	min8_cov70	Min-8 + >=70% coverage	Top-percentile	1	IC50-only	0.0
TCGA-BF-A5ER	min8_cov70	Min-8 + >=70% coverage	Top-percentile	5	IC50-only	0.0
TCGA-BF-A5ER	min8_cov70	Min-8 + >=70% coverage	Top-percentile	10	IC50-only	0.0
TCGA-BF-A5ER	min8_cov70	Min-8 + >=70% coverage	Top-percentile	20	IC50-only	0.0
TCGA-BF-A5ER	min8_cov80	Min-8 + >=80% coverage	Top-N	10	Borda	0.0
TCGA-BF-A5ER	min8_cov80	Min-8 + >=80% coverage	Top-N	20	Borda	0.0
TCGA-BF-A5ER	min8_cov80	Min-8 + >=80% coverage	Top-N	50	Borda	0.0
TCGA-BF-A5ER	min8_cov80	Min-8 + >=80% coverage	Top-percentile	1	Borda	0.0
TCGA-BF-A5ER	min8_cov80	Min-8 + >=80% coverage	Top-percentile	5	Borda	0.0
TCGA-BF-A5ER	min8_cov80	Min-8 + >=80% coverage	Top-percentile	10	Borda	0.0
TCGA-BF-A5ER	min8_cov80	Min-8 + >=80% coverage	Top-percentile	20	Borda	0.0
TCGA-BF-A5ER	min8_cov80	Min-8 + >=80% coverage	Top-N	10	IC50-only	0.0
TCGA-BF-A5ER	min8_cov80	Min-8 + >=80% coverage	Top-N	20	IC50-only	0.0
TCGA-BF-A5ER	min8_cov80	Min-8 + >=80% coverage	Top-N	50	IC50-only	0.0
TCGA-BF-A5ER	min8_cov80	Min-8 + >=80% coverage	Top-percentile	1	IC50-only	0.0
TCGA-BF-A5ER	min8_cov80	Min-8 + >=80% coverage	Top-percentile	5	IC50-only	0.0
TCGA-BF-A5ER	min8_cov80	Min-8 + >=80% coverage	Top-percentile	10	IC50-only	0.0
TCGA-BF-A5ER	min8_cov80	Min-8 + >=80% coverage	Top-percentile	20	IC50-only	0.0
TCGA-BF-A5ES	min8	Min-8 containment	Top-N	10	Borda	0.2
TCGA-BF-A5ES	min8	Min-8 containment	Top-N	20	Borda	0.15
TCGA-BF-A5ES	min8	Min-8 containment	Top-N	50	Borda	0.3
TCGA-BF-A5ES	min8	Min-8 containment	Top-percentile	1	Borda	0.5
TCGA-BF-A5ES	min8	Min-8 containment	Top-percentile	5	Borda	0.16666666666666666
TCGA-BF-A5ES	min8	Min-8 containment	Top-percentile	10	Borda	0.16666666666666666
TCGA-BF-A5ES	min8	Min-8 containment	Top-percentile	20	Borda	0.20833333333333334
TCGA-BF-A5ES	min8	Min-8 containment	Top-N	10	IC50-only	0.2
TCGA-BF-A5ES	min8	Min-8 containment	Top-N	20	IC50-only	0.25
TCGA-BF-A5ES	min8	Min-8 containment	Top-N	50	IC50-only	0.22
TCGA-BF-A5ES	min8	Min-8 containment	Top-percentile	1	IC50-only	0.5
TCGA-BF-A5ES	min8	Min-8 containment	Top-percentile	5	IC50-only	0.3333333333333333
TCGA-BF-A5ES	min8	Min-8 containment	Top-percentile	10	IC50-only	0.16666666666666666
TCGA-BF-A5ES	min8	Min-8 containment	Top-percentile	20	IC50-only	0.20833333333333334
TCGA-BF-A5ES	min8_cov50	Min-8 + >=50% coverage	Top-N	10	Borda	0.2
TCGA-BF-A5ES	min8_cov50	Min-8 + >=50% coverage	Top-N	20	Borda	0.15
TCGA-BF-A5ES	min8_cov50	Min-8 + >=50% coverage	Top-N	50	Borda	0.12
TCGA-BF-A5ES	min8_cov50	Min-8 + >=50% coverage	Top-percentile	1	Borda	0.5
TCGA-BF-A5ES	min8_cov50	Min-8 + >=50% coverage	Top-percentile	5	Borda	0.16666666666666666
TCGA-BF-A5ES	min8_cov50	Min-8 + >=50% coverage	Top-percentile	10	Borda	0.16666666666666666
TCGA-BF-A5ES	min8_cov50	Min-8 + >=50% coverage	Top-percentile	20	Borda	0.16666666666666666
TCGA-BF-A5ES	min8_cov50	Min-8 + >=50% coverage	Top-N	10	IC50-only	0.1
TCGA-BF-A5ES	min8_cov50	Min-8 + >=50% coverage	Top-N	20	IC50-only	0.1
TCGA-BF-A5ES	min8_cov50	Min-8 + >=50% coverage	Top-N	50	IC50-only	0.08
TCGA-BF-A5ES	min8_cov50	Min-8 + >=50% coverage	Top-percentile	1	IC50-only	0.0
TCGA-BF-A5ES	min8_cov50	Min-8 + >=50% coverage	Top-percentile	5	IC50-only	0.16666666666666666
TCGA-BF-A5ES	min8_cov50	Min-8 + >=50% coverage	Top-percentile	10	IC50-only	0.08333333333333333
TCGA-BF-A5ES	min8_cov50	Min-8 + >=50% coverage	Top-percentile	20	IC50-only	0.08333333333333333
TCGA-BF-A5ES	min8_cov70	Min-8 + >=70% coverage	Top-N	10	Borda	0.0
TCGA-BF-A5ES	min8_cov70	Min-8 + >=70% coverage	Top-N	20	Borda	0.0
TCGA-BF-A5ES	min8_cov70	Min-8 + >=70% coverage	Top-N	50	Borda	0.0
TCGA-BF-A5ES	min8_cov70	Min-8 + >=70% coverage	Top-percentile	1	Borda	0.0
TCGA-BF-A5ES	min8_cov70	Min-8 + >=70% coverage	Top-percentile	5	Borda	0.0
TCGA-BF-A5ES	min8_cov70	Min-8 + >=70% coverage	Top-percentile	10	Borda	0.0
TCGA-BF-A5ES	min8_cov70	Min-8 + >=70% coverage	Top-percentile	20	Borda	0.0
TCGA-BF-A5ES	min8_cov70	Min-8 + >=70% coverage	Top-N	10	IC50-only	0.0
TCGA-BF-A5ES	min8_cov70	Min-8 + >=70% coverage	Top-N	20	IC50-only	0.0
TCGA-BF-A5ES	min8_cov70	Min-8 + >=70% coverage	Top-N	50	IC50-only	0.0
TCGA-BF-A5ES	min8_cov70	Min-8 + >=70% coverage	Top-percentile	1	IC50-only	0.0
TCGA-BF-A5ES	min8_cov70	Min-8 + >=70% coverage	Top-percentile	5	IC50-only	0.0
TCGA-BF-A5ES	min8_cov70	Min-8 + >=70% coverage	Top-percentile	10	IC50-only	0.0
TCGA-BF-A5ES	min8_cov70	Min-8 + >=70% coverage	Top-percentile	20	IC50-only	0.0
TCGA-BF-A5ES	min8_cov80	Min-8 + >=80% coverage	Top-N	10	Borda	0.0
TCGA-BF-A5ES	min8_cov80	Min-8 + >=80% coverage	Top-N	20	Borda	0.0
TCGA-BF-A5ES	min8_cov80	Min-8 + >=80% coverage	Top-N	50	Borda	0.0
TCGA-BF-A5ES	min8_cov80	Min-8 + >=80% coverage	Top-percentile	1	Borda	0.0
TCGA-BF-A5ES	min8_cov80	Min-8 + >=80% coverage	Top-percentile	5	Borda	0.0
TCGA-BF-A5ES	min8_cov80	Min-8 + >=80% coverage	Top-percentile	10	Borda	0.0
TCGA-BF-A5ES	min8_cov80	Min-8 + >=80% coverage	Top-percentile	20	Borda	0.0
TCGA-BF-A5ES	min8_cov80	Min-8 + >=80% coverage	Top-N	10	IC50-only	0.0
TCGA-BF-A5ES	min8_cov80	Min-8 + >=80% coverage	Top-N	20	IC50-only	0.0
TCGA-BF-A5ES	min8_cov80	Min-8 + >=80% coverage	Top-N	50	IC50-only	0.0
TCGA-BF-A5ES	min8_cov80	Min-8 + >=80% coverage	Top-percentile	1	IC50-only	0.0
TCGA-BF-A5ES	min8_cov80	Min-8 + >=80% coverage	Top-percentile	5	IC50-only	0.0
TCGA-BF-A5ES	min8_cov80	Min-8 + >=80% coverage	Top-percentile	10	IC50-only	0.0
TCGA-BF-A5ES	min8_cov80	Min-8 + >=80% coverage	Top-percentile	20	IC50-only	0.0
TCGA-BF-AAOU	min8	Min-8 containment	Top-N	10	Borda	0.4
TCGA-BF-AAOU	min8	Min-8 containment	Top-N	20	Borda	0.4
TCGA-BF-AAOU	min8	Min-8 containment	Top-N	50	Borda	0.22
TCGA-BF-AAOU	min8	Min-8 containment	Top-percentile	1	Borda	1.0
TCGA-BF-AAOU	min8	Min-8 containment	Top-percentile	5	Borda	0.3333333333333333
TCGA-BF-AAOU	min8	Min-8 containment	Top-percentile	10	Borda	0.2
TCGA-BF-AAOU	min8	Min-8 containment	Top-percentile	20	Borda	0.4
TCGA-BF-AAOU	min8	Min-8 containment	Top-N	10	IC50-only	0.2
TCGA-BF-AAOU	min8	Min-8 containment	Top-N	20	IC50-only	0.2
TCGA-BF-AAOU	min8	Min-8 containment	Top-N	50	IC50-only	0.22
TCGA-BF-AAOU	min8	Min-8 containment	Top-percentile	1	IC50-only	0.0
TCGA-BF-AAOU	min8	Min-8 containment	Top-percentile	5	IC50-only	0.3333333333333333
TCGA-BF-AAOU	min8	Min-8 containment	Top-percentile	10	IC50-only	0.4
TCGA-BF-AAOU	min8	Min-8 containment	Top-percentile	20	IC50-only	0.2
TCGA-BF-AAOU	min8_cov50	Min-8 + >=50% coverage	Top-N	10	Borda	0.1
TCGA-BF-AAOU	min8_cov50	Min-8 + >=50% coverage	Top-N	20	Borda	0.15
TCGA-BF-AAOU	min8_cov50	Min-8 + >=50% coverage	Top-N	50	Borda	0.06
TCGA-BF-AAOU	min8_cov50	Min-8 + >=50% coverage	Top-percentile	1	Borda	0.0
TCGA-BF-AAOU	min8_cov50	Min-8 + >=50% coverage	Top-percentile	5	Borda	0.0
TCGA-BF-AAOU	min8_cov50	Min-8 + >=50% coverage	Top-percentile	10	Borda	0.0
TCGA-BF-AAOU	min8_cov50	Min-8 + >=50% coverage	Top-percentile	20	Borda	0.1
TCGA-BF-AAOU	min8_cov50	Min-8 + >=50% coverage	Top-N	10	IC50-only	0.0
TCGA-BF-AAOU	min8_cov50	Min-8 + >=50% coverage	Top-N	20	IC50-only	0.05
TCGA-BF-AAOU	min8_cov50	Min-8 + >=50% coverage	Top-N	50	IC50-only	0.06
TCGA-BF-AAOU	min8_cov50	Min-8 + >=50% coverage	Top-percentile	1	IC50-only	0.0
TCGA-BF-AAOU	min8_cov50	Min-8 + >=50% coverage	Top-percentile	5	IC50-only	0.0
TCGA-BF-AAOU	min8_cov50	Min-8 + >=50% coverage	Top-percentile	10	IC50-only	0.0
TCGA-BF-AAOU	min8_cov50	Min-8 + >=50% coverage	Top-percentile	20	IC50-only	0.0
TCGA-BF-AAOU	min8_cov70	Min-8 + >=70% coverage	Top-N	10	Borda	0.1
TCGA-BF-AAOU	min8_cov70	Min-8 + >=70% coverage	Top-N	20	Borda	0.1
TCGA-BF-AAOU	min8_cov70	Min-8 + >=70% coverage	Top-N	50	Borda	0.04
TCGA-BF-AAOU	min8_cov70	Min-8 + >=70% coverage	Top-percentile	1	Borda	0.0
TCGA-BF-AAOU	min8_cov70	Min-8 + >=70% coverage	Top-percentile	5	Borda	0.0
TCGA-BF-AAOU	min8_cov70	Min-8 + >=70% coverage	Top-percentile	10	Borda	0.0
TCGA-BF-AAOU	min8_cov70	Min-8 + >=70% coverage	Top-percentile	20	Borda	0.1
TCGA-BF-AAOU	min8_cov70	Min-8 + >=70% coverage	Top-N	10	IC50-only	0.0
TCGA-BF-AAOU	min8_cov70	Min-8 + >=70% coverage	Top-N	20	IC50-only	0.0
TCGA-BF-AAOU	min8_cov70	Min-8 + >=70% coverage	Top-N	50	IC50-only	0.04
TCGA-BF-AAOU	min8_cov70	Min-8 + >=70% coverage	Top-percentile	1	IC50-only	0.0
TCGA-BF-AAOU	min8_cov70	Min-8 + >=70% coverage	Top-percentile	5	IC50-only	0.0
TCGA-BF-AAOU	min8_cov70	Min-8 + >=70% coverage	Top-percentile	10	IC50-only	0.0
TCGA-BF-AAOU	min8_cov70	Min-8 + >=70% coverage	Top-percentile	20	IC50-only	0.0
TCGA-BF-AAOU	min8_cov80	Min-8 + >=80% coverage	Top-N	10	Borda	0.0
TCGA-BF-AAOU	min8_cov80	Min-8 + >=80% coverage	Top-N	20	Borda	0.0
TCGA-BF-AAOU	min8_cov80	Min-8 + >=80% coverage	Top-N	50	Borda	0.0
TCGA-BF-AAOU	min8_cov80	Min-8 + >=80% coverage	Top-percentile	1	Borda	0.0
TCGA-BF-AAOU	min8_cov80	Min-8 + >=80% coverage	Top-percentile	5	Borda	0.0
TCGA-BF-AAOU	min8_cov80	Min-8 + >=80% coverage	Top-percentile	10	Borda	0.0
TCGA-BF-AAOU	min8_cov80	Min-8 + >=80% coverage	Top-percentile	20	Borda	0.0
TCGA-BF-AAOU	min8_cov80	Min-8 + >=80% coverage	Top-N	10	IC50-only	0.0
TCGA-BF-AAOU	min8_cov80	Min-8 + >=80% coverage	Top-N	20	IC50-only	0.0
TCGA-BF-AAOU	min8_cov80	Min-8 + >=80% coverage	Top-N	50	IC50-only	0.0
TCGA-BF-AAOU	min8_cov80	Min-8 + >=80% coverage	Top-percentile	1	IC50-only	0.0
TCGA-BF-AAOU	min8_cov80	Min-8 + >=80% coverage	Top-percentile	5	IC50-only	0.0
TCGA-BF-AAOU	min8_cov80	Min-8 + >=80% coverage	Top-percentile	10	IC50-only	0.0
TCGA-BF-AAOU	min8_cov80	Min-8 + >=80% coverage	Top-percentile	20	IC50-only	0.0
TCGA-BF-AAOX	min8	Min-8 containment	Top-N	10	Borda	0.5
TCGA-BF-AAOX	min8	Min-8 containment	Top-N	20	Borda	0.3
TCGA-BF-AAOX	min8	Min-8 containment	Top-N	50	Borda	0.18
TCGA-BF-AAOX	min8	Min-8 containment	Top-percentile	1	Borda	0.0
TCGA-BF-AAOX	min8	Min-8 containment	Top-percentile	5	Borda	0.4444444444444444
TCGA-BF-AAOX	min8	Min-8 containment	Top-percentile	10	Borda	0.35294117647058826
TCGA-BF-AAOX	min8	Min-8 containment	Top-percentile	20	Borda	0.17647058823529413
TCGA-BF-AAOX	min8	Min-8 containment	Top-N	10	IC50-only	0.1
TCGA-BF-AAOX	min8	Min-8 containment	Top-N	20	IC50-only	0.2
TCGA-BF-AAOX	min8	Min-8 containment	Top-N	50	IC50-only	0.24
TCGA-BF-AAOX	min8	Min-8 containment	Top-percentile	1	IC50-only	0.0
TCGA-BF-AAOX	min8	Min-8 containment	Top-percentile	5	IC50-only	0.1111111111111111
TCGA-BF-AAOX	min8	Min-8 containment	Top-percentile	10	IC50-only	0.23529411764705882
TCGA-BF-AAOX	min8	Min-8 containment	Top-percentile	20	IC50-only	0.2647058823529412
TCGA-BF-AAOX	min8_cov50	Min-8 + >=50% coverage	Top-N	10	Borda	0.1
TCGA-BF-AAOX	min8_cov50	Min-8 + >=50% coverage	Top-N	20	Borda	0.05
TCGA-BF-AAOX	min8_cov50	Min-8 + >=50% coverage	Top-N	50	Borda	0.02
TCGA-BF-AAOX	min8_cov50	Min-8 + >=50% coverage	Top-percentile	1	Borda	0.0
TCGA-BF-AAOX	min8_cov50	Min-8 + >=50% coverage	Top-percentile	5	Borda	0.1111111111111111
TCGA-BF-AAOX	min8_cov50	Min-8 + >=50% coverage	Top-percentile	10	Borda	0.058823529411764705
TCGA-BF-AAOX	min8_cov50	Min-8 + >=50% coverage	Top-percentile	20	Borda	0.029411764705882353
TCGA-BF-AAOX	min8_cov50	Min-8 + >=50% coverage	Top-N	10	IC50-only	0.1
TCGA-BF-AAOX	min8_cov50	Min-8 + >=50% coverage	Top-N	20	IC50-only	0.1
TCGA-BF-AAOX	min8_cov50	Min-8 + >=50% coverage	Top-N	50	IC50-only	0.08
TCGA-BF-AAOX	min8_cov50	Min-8 + >=50% coverage	Top-percentile	1	IC50-only	0.0
TCGA-BF-AAOX	min8_cov50	Min-8 + >=50% coverage	Top-percentile	5	IC50-only	0.1111111111111111
TCGA-BF-AAOX	min8_cov50	Min-8 + >=50% coverage	Top-percentile	10	IC50-only	0.11764705882352941
TCGA-BF-AAOX	min8_cov50	Min-8 + >=50% coverage	Top-percentile	20	IC50-only	0.11764705882352941
TCGA-BF-AAOX	min8_cov70	Min-8 + >=70% coverage	Top-N	10	Borda	0.0
TCGA-BF-AAOX	min8_cov70	Min-8 + >=70% coverage	Top-N	20	Borda	0.0
TCGA-BF-AAOX	min8_cov70	Min-8 + >=70% coverage	Top-N	50	Borda	0.0
TCGA-BF-AAOX	min8_cov70	Min-8 + >=70% coverage	Top-percentile	1	Borda	0.0
TCGA-BF-AAOX	min8_cov70	Min-8 + >=70% coverage	Top-percentile	5	Borda	0.0
TCGA-BF-AAOX	min8_cov70	Min-8 + >=70% coverage	Top-percentile	10	Borda	0.0
TCGA-BF-AAOX	min8_cov70	Min-8 + >=70% coverage	Top-percentile	20	Borda	0.0
TCGA-BF-AAOX	min8_cov70	Min-8 + >=70% coverage	Top-N	10	IC50-only	0.0
TCGA-BF-AAOX	min8_cov70	Min-8 + >=70% coverage	Top-N	20	IC50-only	0.0
TCGA-BF-AAOX	min8_cov70	Min-8 + >=70% coverage	Top-N	50	IC50-only	0.0
TCGA-BF-AAOX	min8_cov70	Min-8 + >=70% coverage	Top-percentile	1	IC50-only	0.0
TCGA-BF-AAOX	min8_cov70	Min-8 + >=70% coverage	Top-percentile	5	IC50-only	0.0
TCGA-BF-AAOX	min8_cov70	Min-8 + >=70% coverage	Top-percentile	10	IC50-only	0.0
TCGA-BF-AAOX	min8_cov70	Min-8 + >=70% coverage	Top-percentile	20	IC50-only	0.0
TCGA-BF-AAOX	min8_cov80	Min-8 + >=80% coverage	Top-N	10	Borda	0.0
TCGA-BF-AAOX	min8_cov80	Min-8 + >=80% coverage	Top-N	20	Borda	0.0
TCGA-BF-AAOX	min8_cov80	Min-8 + >=80% coverage	Top-N	50	Borda	0.0
TCGA-BF-AAOX	min8_cov80	Min-8 + >=80% coverage	Top-percentile	1	Borda	0.0
TCGA-BF-AAOX	min8_cov80	Min-8 + >=80% coverage	Top-percentile	5	Borda	0.0
TCGA-BF-AAOX	min8_cov80	Min-8 + >=80% coverage	Top-percentile	10	Borda	0.0
TCGA-BF-AAOX	min8_cov80	Min-8 + >=80% coverage	Top-percentile	20	Borda	0.0
TCGA-BF-AAOX	min8_cov80	Min-8 + >=80% coverage	Top-N	10	IC50-only	0.0
TCGA-BF-AAOX	min8_cov80	Min-8 + >=80% coverage	Top-N	20	IC50-only	0.0
TCGA-BF-AAOX	min8_cov80	Min-8 + >=80% coverage	Top-N	50	IC50-only	0.0
TCGA-BF-AAOX	min8_cov80	Min-8 + >=80% coverage	Top-percentile	1	IC50-only	0.0
TCGA-BF-AAOX	min8_cov80	Min-8 + >=80% coverage	Top-percentile	5	IC50-only	0.0
TCGA-BF-AAOX	min8_cov80	Min-8 + >=80% coverage	Top-percentile	10	IC50-only	0.0
TCGA-BF-AAOX	min8_cov80	Min-8 + >=80% coverage	Top-percentile	20	IC50-only	0.0
TCGA-BF-AAP1	min8	Min-8 containment	Top-N	10	Borda	0.5
TCGA-BF-AAP1	min8	Min-8 containment	Top-N	20	Borda	0.3
TCGA-BF-AAP1	min8	Min-8 containment	Top-N	50	Borda	0.3
TCGA-BF-AAP1	min8	Min-8 containment	Top-percentile	1	Borda	0.5
TCGA-BF-AAP1	min8	Min-8 containment	Top-percentile	5	Borda	0.4444444444444444
TCGA-BF-AAP1	min8	Min-8 containment	Top-percentile	10	Borda	0.35294117647058826
TCGA-BF-AAP1	min8	Min-8 containment	Top-percentile	20	Borda	0.2727272727272727
TCGA-BF-AAP1	min8	Min-8 containment	Top-N	10	IC50-only	0.3
TCGA-BF-AAP1	min8	Min-8 containment	Top-N	20	IC50-only	0.25
TCGA-BF-AAP1	min8	Min-8 containment	Top-N	50	IC50-only	0.18
TCGA-BF-AAP1	min8	Min-8 containment	Top-percentile	1	IC50-only	0.0
TCGA-BF-AAP1	min8	Min-8 containment	Top-percentile	5	IC50-only	0.3333333333333333
TCGA-BF-AAP1	min8	Min-8 containment	Top-percentile	10	IC50-only	0.29411764705882354
TCGA-BF-AAP1	min8	Min-8 containment	Top-percentile	20	IC50-only	0.18181818181818182
TCGA-BF-AAP1	min8_cov50	Min-8 + >=50% coverage	Top-N	10	Borda	0.3
TCGA-BF-AAP1	min8_cov50	Min-8 + >=50% coverage	Top-N	20	Borda	0.15
TCGA-BF-AAP1	min8_cov50	Min-8 + >=50% coverage	Top-N	50	Borda	0.1
TCGA-BF-AAP1	min8_cov50	Min-8 + >=50% coverage	Top-percentile	1	Borda	0.0
TCGA-BF-AAP1	min8_cov50	Min-8 + >=50% coverage	Top-percentile	5	Borda	0.2222222222222222
TCGA-BF-AAP1	min8_cov50	Min-8 + >=50% coverage	Top-percentile	10	Borda	0.17647058823529413
TCGA-BF-AAP1	min8_cov50	Min-8 + >=50% coverage	Top-percentile	20	Borda	0.12121212121212122
TCGA-BF-AAP1	min8_cov50	Min-8 + >=50% coverage	Top-N	10	IC50-only	0.2
TCGA-BF-AAP1	min8_cov50	Min-8 + >=50% coverage	Top-N	20	IC50-only	0.1
TCGA-BF-AAP1	min8_cov50	Min-8 + >=50% coverage	Top-N	50	IC50-only	0.04
TCGA-BF-AAP1	min8_cov50	Min-8 + >=50% coverage	Top-percentile	1	IC50-only	0.0
TCGA-BF-AAP1	min8_cov50	Min-8 + >=50% coverage	Top-percentile	5	IC50-only	0.2222222222222222
TCGA-BF-AAP1	min8_cov50	Min-8 + >=50% coverage	Top-percentile	10	IC50-only	0.11764705882352941
TCGA-BF-AAP1	min8_cov50	Min-8 + >=50% coverage	Top-percentile	20	IC50-only	0.06060606060606061
TCGA-BF-AAP1	min8_cov70	Min-8 + >=70% coverage	Top-N	10	Borda	0.2
TCGA-BF-AAP1	min8_cov70	Min-8 + >=70% coverage	Top-N	20	Borda	0.1
TCGA-BF-AAP1	min8_cov70	Min-8 + >=70% coverage	Top-N	50	Borda	0.06
TCGA-BF-AAP1	min8_cov70	Min-8 + >=70% coverage	Top-percentile	1	Borda	0.0
TCGA-BF-AAP1	min8_cov70	Min-8 + >=70% coverage	Top-percentile	5	Borda	0.2222222222222222
TCGA-BF-AAP1	min8_cov70	Min-8 + >=70% coverage	Top-percentile	10	Borda	0.11764705882352941
TCGA-BF-AAP1	min8_cov70	Min-8 + >=70% coverage	Top-percentile	20	Borda	0.06060606060606061
TCGA-BF-AAP1	min8_cov70	Min-8 + >=70% coverage	Top-N	10	IC50-only	0.0
TCGA-BF-AAP1	min8_cov70	Min-8 + >=70% coverage	Top-N	20	IC50-only	0.0
TCGA-BF-AAP1	min8_cov70	Min-8 + >=70% coverage	Top-N	50	IC50-only	0.0
TCGA-BF-AAP1	min8_cov70	Min-8 + >=70% coverage	Top-percentile	1	IC50-only	0.0
TCGA-BF-AAP1	min8_cov70	Min-8 + >=70% coverage	Top-percentile	5	IC50-only	0.0
TCGA-BF-AAP1	min8_cov70	Min-8 + >=70% coverage	Top-percentile	10	IC50-only	0.0
TCGA-BF-AAP1	min8_cov70	Min-8 + >=70% coverage	Top-percentile	20	IC50-only	0.0
TCGA-BF-AAP1	min8_cov80	Min-8 + >=80% coverage	Top-N	10	Borda	0.0
TCGA-BF-AAP1	min8_cov80	Min-8 + >=80% coverage	Top-N	20	Borda	0.0
TCGA-BF-AAP1	min8_cov80	Min-8 + >=80% coverage	Top-N	50	Borda	0.0
TCGA-BF-AAP1	min8_cov80	Min-8 + >=80% coverage	Top-percentile	1	Borda	0.0
TCGA-BF-AAP1	min8_cov80	Min-8 + >=80% coverage	Top-percentile	5	Borda	0.0
TCGA-BF-AAP1	min8_cov80	Min-8 + >=80% coverage	Top-percentile	10	Borda	0.0
TCGA-BF-AAP1	min8_cov80	Min-8 + >=80% coverage	Top-percentile	20	Borda	0.0
TCGA-BF-AAP1	min8_cov80	Min-8 + >=80% coverage	Top-N	10	IC50-only	0.0
TCGA-BF-AAP1	min8_cov80	Min-8 + >=80% coverage	Top-N	20	IC50-only	0.0
TCGA-BF-AAP1	min8_cov80	Min-8 + >=80% coverage	Top-N	50	IC50-only	0.0
TCGA-BF-AAP1	min8_cov80	Min-8 + >=80% coverage	Top-percentile	1	IC50-only	0.0
TCGA-BF-AAP1	min8_cov80	Min-8 + >=80% coverage	Top-percentile	5	IC50-only	0.0
TCGA-BF-AAP1	min8_cov80	Min-8 + >=80% coverage	Top-percentile	10	IC50-only	0.0
TCGA-BF-AAP1	min8_cov80	Min-8 + >=80% coverage	Top-percentile	20	IC50-only	0.0
TCGA-BF-AAP2	min8	Min-8 containment	Top-N	10	Borda	0.6
TCGA-BF-AAP2	min8	Min-8 containment	Top-N	20	Borda	0.5
TCGA-BF-AAP2	min8	Min-8 containment	Top-N	50	Borda	0.32
TCGA-BF-AAP2	min8	Min-8 containment	Top-percentile	1	Borda	0.5
TCGA-BF-AAP2	min8	Min-8 containment	Top-percentile	5	Borda	0.6666666666666666
TCGA-BF-AAP2	min8	Min-8 containment	Top-percentile	10	Borda	0.5
TCGA-BF-AAP2	min8	Min-8 containment	Top-percentile	20	Borda	0.37142857142857144
TCGA-BF-AAP2	min8	Min-8 containment	Top-N	10	IC50-only	0.5
TCGA-BF-AAP2	min8	Min-8 containment	Top-N	20	IC50-only	0.45
TCGA-BF-AAP2	min8	Min-8 containment	Top-N	50	IC50-only	0.38
TCGA-BF-AAP2	min8	Min-8 containment	Top-percentile	1	IC50-only	0.5
TCGA-BF-AAP2	min8	Min-8 containment	Top-percentile	5	IC50-only	0.5555555555555556
TCGA-BF-AAP2	min8	Min-8 containment	Top-percentile	10	IC50-only	0.5
TCGA-BF-AAP2	min8	Min-8 containment	Top-percentile	20	IC50-only	0.4
TCGA-BF-AAP2	min8_cov50	Min-8 + >=50% coverage	Top-N	10	Borda	0.0
TCGA-BF-AAP2	min8_cov50	Min-8 + >=50% coverage	Top-N	20	Borda	0.05
TCGA-BF-AAP2	min8_cov50	Min-8 + >=50% coverage	Top-N	50	Borda	0.06
TCGA-BF-AAP2	min8_cov50	Min-8 + >=50% coverage	Top-percentile	1	Borda	0.0
TCGA-BF-AAP2	min8_cov50	Min-8 + >=50% coverage	Top-percentile	5	Borda	0.0
TCGA-BF-AAP2	min8_cov50	Min-8 + >=50% coverage	Top-percentile	10	Borda	0.05555555555555555
TCGA-BF-AAP2	min8_cov50	Min-8 + >=50% coverage	Top-percentile	20	Borda	0.08571428571428572
TCGA-BF-AAP2	min8_cov50	Min-8 + >=50% coverage	Top-N	10	IC50-only	0.1
TCGA-BF-AAP2	min8_cov50	Min-8 + >=50% coverage	Top-N	20	IC50-only	0.05
TCGA-BF-AAP2	min8_cov50	Min-8 + >=50% coverage	Top-N	50	IC50-only	0.1
TCGA-BF-AAP2	min8_cov50	Min-8 + >=50% coverage	Top-percentile	1	IC50-only	0.0
TCGA-BF-AAP2	min8_cov50	Min-8 + >=50% coverage	Top-percentile	5	IC50-only	0.1111111111111111
TCGA-BF-AAP2	min8_cov50	Min-8 + >=50% coverage	Top-percentile	10	IC50-only	0.05555555555555555
TCGA-BF-AAP2	min8_cov50	Min-8 + >=50% coverage	Top-percentile	20	IC50-only	0.08571428571428572
TCGA-BF-AAP2	min8_cov70	Min-8 + >=70% coverage	Top-N	10	Borda	0.0
TCGA-BF-AAP2	min8_cov70	Min-8 + >=70% coverage	Top-N	20	Borda	0.0
TCGA-BF-AAP2	min8_cov70	Min-8 + >=70% coverage	Top-N	50	Borda	0.0
TCGA-BF-AAP2	min8_cov70	Min-8 + >=70% coverage	Top-percentile	1	Borda	0.0
TCGA-BF-AAP2	min8_cov70	Min-8 + >=70% coverage	Top-percentile	5	Borda	0.0
TCGA-BF-AAP2	min8_cov70	Min-8 + >=70% coverage	Top-percentile	10	Borda	0.0
TCGA-BF-AAP2	min8_cov70	Min-8 + >=70% coverage	Top-percentile	20	Borda	0.0
TCGA-BF-AAP2	min8_cov70	Min-8 + >=70% coverage	Top-N	10	IC50-only	0.0
TCGA-BF-AAP2	min8_cov70	Min-8 + >=70% coverage	Top-N	20	IC50-only	0.0
TCGA-BF-AAP2	min8_cov70	Min-8 + >=70% coverage	Top-N	50	IC50-only	0.0
TCGA-BF-AAP2	min8_cov70	Min-8 + >=70% coverage	Top-percentile	1	IC50-only	0.0
TCGA-BF-AAP2	min8_cov70	Min-8 + >=70% coverage	Top-percentile	5	IC50-only	0.0
TCGA-BF-AAP2	min8_cov70	Min-8 + >=70% coverage	Top-percentile	10	IC50-only	0.0
TCGA-BF-AAP2	min8_cov70	Min-8 + >=70% coverage	Top-percentile	20	IC50-only	0.0
TCGA-BF-AAP2	min8_cov80	Min-8 + >=80% coverage	Top-N	10	Borda	0.0
TCGA-BF-AAP2	min8_cov80	Min-8 + >=80% coverage	Top-N	20	Borda	0.0
TCGA-BF-AAP2	min8_cov80	Min-8 + >=80% coverage	Top-N	50	Borda	0.0
TCGA-BF-AAP2	min8_cov80	Min-8 + >=80% coverage	Top-percentile	1	Borda	0.0
TCGA-BF-AAP2	min8_cov80	Min-8 + >=80% coverage	Top-percentile	5	Borda	0.0
TCGA-BF-AAP2	min8_cov80	Min-8 + >=80% coverage	Top-percentile	10	Borda	0.0
TCGA-BF-AAP2	min8_cov80	Min-8 + >=80% coverage	Top-percentile	20	Borda	0.0
TCGA-BF-AAP2	min8_cov80	Min-8 + >=80% coverage	Top-N	10	IC50-only	0.0
TCGA-BF-AAP2	min8_cov80	Min-8 + >=80% coverage	Top-N	20	IC50-only	0.0
TCGA-BF-AAP2	min8_cov80	Min-8 + >=80% coverage	Top-N	50	IC50-only	0.0
TCGA-BF-AAP2	min8_cov80	Min-8 + >=80% coverage	Top-percentile	1	IC50-only	0.0
TCGA-BF-AAP2	min8_cov80	Min-8 + >=80% coverage	Top-percentile	5	IC50-only	0.0
TCGA-BF-AAP2	min8_cov80	Min-8 + >=80% coverage	Top-percentile	10	IC50-only	0.0
TCGA-BF-AAP2	min8_cov80	Min-8 + >=80% coverage	Top-percentile	20	IC50-only	0.0
TCGA-BF-AAP4	min8	Min-8 containment	Top-N	10	Borda	0.6
TCGA-BF-AAP4	min8	Min-8 containment	Top-N	20	Borda	0.4
TCGA-BF-AAP4	min8	Min-8 containment	Top-N	50	Borda	0.26
TCGA-BF-AAP4	min8	Min-8 containment	Top-percentile	1	Borda	1.0
TCGA-BF-AAP4	min8	Min-8 containment	Top-percentile	5	Borda	0.25
TCGA-BF-AAP4	min8	Min-8 containment	Top-percentile	10	Borda	0.42857142857142855
TCGA-BF-AAP4	min8	Min-8 containment	Top-percentile	20	Borda	0.46153846153846156
TCGA-BF-AAP4	min8	Min-8 containment	Top-N	10	IC50-only	0.2
TCGA-BF-AAP4	min8	Min-8 containment	Top-N	20	IC50-only	0.25
TCGA-BF-AAP4	min8	Min-8 containment	Top-N	50	IC50-only	0.28
TCGA-BF-AAP4	min8	Min-8 containment	Top-percentile	1	IC50-only	0.0
TCGA-BF-AAP4	min8	Min-8 containment	Top-percentile	5	IC50-only	0.0
TCGA-BF-AAP4	min8	Min-8 containment	Top-percentile	10	IC50-only	0.0
TCGA-BF-AAP4	min8	Min-8 containment	Top-percentile	20	IC50-only	0.15384615384615385
TCGA-BF-AAP4	min8_cov50	Min-8 + >=50% coverage	Top-N	10	Borda	0.1
TCGA-BF-AAP4	min8_cov50	Min-8 + >=50% coverage	Top-N	20	Borda	0.15
TCGA-BF-AAP4	min8_cov50	Min-8 + >=50% coverage	Top-N	50	Borda	0.12
TCGA-BF-AAP4	min8_cov50	Min-8 + >=50% coverage	Top-percentile	1	Borda	0.0
TCGA-BF-AAP4	min8_cov50	Min-8 + >=50% coverage	Top-percentile	5	Borda	0.0
TCGA-BF-AAP4	min8_cov50	Min-8 + >=50% coverage	Top-percentile	10	Borda	0.14285714285714285
TCGA-BF-AAP4	min8_cov50	Min-8 + >=50% coverage	Top-percentile	20	Borda	0.07692307692307693
TCGA-BF-AAP4	min8_cov50	Min-8 + >=50% coverage	Top-N	10	IC50-only	0.0
TCGA-BF-AAP4	min8_cov50	Min-8 + >=50% coverage	Top-N	20	IC50-only	0.1
TCGA-BF-AAP4	min8_cov50	Min-8 + >=50% coverage	Top-N	50	IC50-only	0.12
TCGA-BF-AAP4	min8_cov50	Min-8 + >=50% coverage	Top-percentile	1	IC50-only	0.0
TCGA-BF-AAP4	min8_cov50	Min-8 + >=50% coverage	Top-percentile	5	IC50-only	0.0
TCGA-BF-AAP4	min8_cov50	Min-8 + >=50% coverage	Top-percentile	10	IC50-only	0.0
TCGA-BF-AAP4	min8_cov50	Min-8 + >=50% coverage	Top-percentile	20	IC50-only	0.0
TCGA-BF-AAP4	min8_cov70	Min-8 + >=70% coverage	Top-N	10	Borda	0.0
TCGA-BF-AAP4	min8_cov70	Min-8 + >=70% coverage	Top-N	20	Borda	0.1
TCGA-BF-AAP4	min8_cov70	Min-8 + >=70% coverage	Top-N	50	Borda	0.08
TCGA-BF-AAP4	min8_cov70	Min-8 + >=70% coverage	Top-percentile	1	Borda	0.0
TCGA-BF-AAP4	min8_cov70	Min-8 + >=70% coverage	Top-percentile	5	Borda	0.0
TCGA-BF-AAP4	min8_cov70	Min-8 + >=70% coverage	Top-percentile	10	Borda	0.0
TCGA-BF-AAP4	min8_cov70	Min-8 + >=70% coverage	Top-percentile	20	Borda	0.0
TCGA-BF-AAP4	min8_cov70	Min-8 + >=70% coverage	Top-N	10	IC50-only	0.0
TCGA-BF-AAP4	min8_cov70	Min-8 + >=70% coverage	Top-N	20	IC50-only	0.1
TCGA-BF-AAP4	min8_cov70	Min-8 + >=70% coverage	Top-N	50	IC50-only	0.08
TCGA-BF-AAP4	min8_cov70	Min-8 + >=70% coverage	Top-percentile	1	IC50-only	0.0
TCGA-BF-AAP4	min8_cov70	Min-8 + >=70% coverage	Top-percentile	5	IC50-only	0.0
TCGA-BF-AAP4	min8_cov70	Min-8 + >=70% coverage	Top-percentile	10	IC50-only	0.0
TCGA-BF-AAP4	min8_cov70	Min-8 + >=70% coverage	Top-percentile	20	IC50-only	0.0
TCGA-BF-AAP4	min8_cov80	Min-8 + >=80% coverage	Top-N	10	Borda	0.0
TCGA-BF-AAP4	min8_cov80	Min-8 + >=80% coverage	Top-N	20	Borda	0.0
TCGA-BF-AAP4	min8_cov80	Min-8 + >=80% coverage	Top-N	50	Borda	0.04
TCGA-BF-AAP4	min8_cov80	Min-8 + >=80% coverage	Top-percentile	1	Borda	0.0
TCGA-BF-AAP4	min8_cov80	Min-8 + >=80% coverage	Top-percentile	5	Borda	0.0
TCGA-BF-AAP4	min8_cov80	Min-8 + >=80% coverage	Top-percentile	10	Borda	0.0
TCGA-BF-AAP4	min8_cov80	Min-8 + >=80% coverage	Top-percentile	20	Borda	0.0
TCGA-BF-AAP4	min8_cov80	Min-8 + >=80% coverage	Top-N	10	IC50-only	0.0
TCGA-BF-AAP4	min8_cov80	Min-8 + >=80% coverage	Top-N	20	IC50-only	0.1
TCGA-BF-AAP4	min8_cov80	Min-8 + >=80% coverage	Top-N	50	IC50-only	0.04
TCGA-BF-AAP4	min8_cov80	Min-8 + >=80% coverage	Top-percentile	1	IC50-only	0.0
TCGA-BF-AAP4	min8_cov80	Min-8 + >=80% coverage	Top-percentile	5	IC50-only	0.0
TCGA-BF-AAP4	min8_cov80	Min-8 + >=80% coverage	Top-percentile	10	IC50-only	0.0
TCGA-BF-AAP4	min8_cov80	Min-8 + >=80% coverage	Top-percentile	20	IC50-only	0.0
TCGA-BF-AAP6	min8	Min-8 containment	Top-N	10	Borda	0.1
TCGA-BF-AAP6	min8	Min-8 containment	Top-N	20	Borda	0.15
TCGA-BF-AAP6	min8	Min-8 containment	Top-N	50	Borda	0.1956521739130435
TCGA-BF-AAP6	min8	Min-8 containment	Top-percentile	1	Borda	0.0
TCGA-BF-AAP6	min8	Min-8 containment	Top-percentile	5	Borda	0.3333333333333333
TCGA-BF-AAP6	min8	Min-8 containment	Top-percentile	10	Borda	0.2
TCGA-BF-AAP6	min8	Min-8 containment	Top-percentile	20	Borda	0.1
TCGA-BF-AAP6	min8	Min-8 containment	Top-N	10	IC50-only	0.2
TCGA-BF-AAP6	min8	Min-8 containment	Top-N	20	IC50-only	0.2
TCGA-BF-AAP6	min8	Min-8 containment	Top-N	50	IC50-only	0.1956521739130435
TCGA-BF-AAP6	min8	Min-8 containment	Top-percentile	1	IC50-only	0.0
TCGA-BF-AAP6	min8	Min-8 containment	Top-percentile	5	IC50-only	0.0
TCGA-BF-AAP6	min8	Min-8 containment	Top-percentile	10	IC50-only	0.2
TCGA-BF-AAP6	min8	Min-8 containment	Top-percentile	20	IC50-only	0.2
TCGA-BF-AAP6	min8_cov50	Min-8 + >=50% coverage	Top-N	10	Borda	0.0
TCGA-BF-AAP6	min8_cov50	Min-8 + >=50% coverage	Top-N	20	Borda	0.05
TCGA-BF-AAP6	min8_cov50	Min-8 + >=50% coverage	Top-N	50	Borda	0.043478260869565216
TCGA-BF-AAP6	min8_cov50	Min-8 + >=50% coverage	Top-percentile	1	Borda	0.0
TCGA-BF-AAP6	min8_cov50	Min-8 + >=50% coverage	Top-percentile	5	Borda	0.0
TCGA-BF-AAP6	min8_cov50	Min-8 + >=50% coverage	Top-percentile	10	Borda	0.0
TCGA-BF-AAP6	min8_cov50	Min-8 + >=50% coverage	Top-percentile	20	Borda	0.0
TCGA-BF-AAP6	min8_cov50	Min-8 + >=50% coverage	Top-N	10	IC50-only	0.0
TCGA-BF-AAP6	min8_cov50	Min-8 + >=50% coverage	Top-N	20	IC50-only	0.05
TCGA-BF-AAP6	min8_cov50	Min-8 + >=50% coverage	Top-N	50	IC50-only	0.043478260869565216
TCGA-BF-AAP6	min8_cov50	Min-8 + >=50% coverage	Top-percentile	1	IC50-only	0.0
TCGA-BF-AAP6	min8_cov50	Min-8 + >=50% coverage	Top-percentile	5	IC50-only	0.0
TCGA-BF-AAP6	min8_cov50	Min-8 + >=50% coverage	Top-percentile	10	IC50-only	0.0
TCGA-BF-AAP6	min8_cov50	Min-8 + >=50% coverage	Top-percentile	20	IC50-only	0.0
TCGA-BF-AAP6	min8_cov70	Min-8 + >=70% coverage	Top-N	10	Borda	0.0
TCGA-BF-AAP6	min8_cov70	Min-8 + >=70% coverage	Top-N	20	Borda	0.0
TCGA-BF-AAP6	min8_cov70	Min-8 + >=70% coverage	Top-N	50	Borda	0.021739130434782608
TCGA-BF-AAP6	min8_cov70	Min-8 + >=70% coverage	Top-percentile	1	Borda	0.0
TCGA-BF-AAP6	min8_cov70	Min-8 + >=70% coverage	Top-percentile	5	Borda	0.0
TCGA-BF-AAP6	min8_cov70	Min-8 + >=70% coverage	Top-percentile	10	Borda	0.0
TCGA-BF-AAP6	min8_cov70	Min-8 + >=70% coverage	Top-percentile	20	Borda	0.0
TCGA-BF-AAP6	min8_cov70	Min-8 + >=70% coverage	Top-N	10	IC50-only	0.0
TCGA-BF-AAP6	min8_cov70	Min-8 + >=70% coverage	Top-N	20	IC50-only	0.0
TCGA-BF-AAP6	min8_cov70	Min-8 + >=70% coverage	Top-N	50	IC50-only	0.021739130434782608
TCGA-BF-AAP6	min8_cov70	Min-8 + >=70% coverage	Top-percentile	1	IC50-only	0.0
TCGA-BF-AAP6	min8_cov70	Min-8 + >=70% coverage	Top-percentile	5	IC50-only	0.0
TCGA-BF-AAP6	min8_cov70	Min-8 + >=70% coverage	Top-percentile	10	IC50-only	0.0
TCGA-BF-AAP6	min8_cov70	Min-8 + >=70% coverage	Top-percentile	20	IC50-only	0.0
TCGA-BF-AAP6	min8_cov80	Min-8 + >=80% coverage	Top-N	10	Borda	0.0
TCGA-BF-AAP6	min8_cov80	Min-8 + >=80% coverage	Top-N	20	Borda	0.0
TCGA-BF-AAP6	min8_cov80	Min-8 + >=80% coverage	Top-N	50	Borda	0.0
TCGA-BF-AAP6	min8_cov80	Min-8 + >=80% coverage	Top-percentile	1	Borda	0.0
TCGA-BF-AAP6	min8_cov80	Min-8 + >=80% coverage	Top-percentile	5	Borda	0.0
TCGA-BF-AAP6	min8_cov80	Min-8 + >=80% coverage	Top-percentile	10	Borda	0.0
TCGA-BF-AAP6	min8_cov80	Min-8 + >=80% coverage	Top-percentile	20	Borda	0.0
TCGA-BF-AAP6	min8_cov80	Min-8 + >=80% coverage	Top-N	10	IC50-only	0.0
TCGA-BF-AAP6	min8_cov80	Min-8 + >=80% coverage	Top-N	20	IC50-only	0.0
TCGA-BF-AAP6	min8_cov80	Min-8 + >=80% coverage	Top-N	50	IC50-only	0.0
TCGA-BF-AAP6	min8_cov80	Min-8 + >=80% coverage	Top-percentile	1	IC50-only	0.0
TCGA-BF-AAP6	min8_cov80	Min-8 + >=80% coverage	Top-percentile	5	IC50-only	0.0
TCGA-BF-AAP6	min8_cov80	Min-8 + >=80% coverage	Top-percentile	10	IC50-only	0.0
TCGA-BF-AAP6	min8_cov80	Min-8 + >=80% coverage	Top-percentile	20	IC50-only	0.0
TCGA-BF-AAP7	min8	Min-8 containment	Top-N	10	Borda	0.2
TCGA-BF-AAP7	min8	Min-8 containment	Top-N	20	Borda	0.16666666666666666
TCGA-BF-AAP7	min8	Min-8 containment	Top-N	50	Borda	0.16666666666666666
TCGA-BF-AAP7	min8	Min-8 containment	Top-percentile	1	Borda	0.0
TCGA-BF-AAP7	min8	Min-8 containment	Top-percentile	5	Borda	0.0
TCGA-BF-AAP7	min8	Min-8 containment	Top-percentile	10	Borda	0.5
TCGA-BF-AAP7	min8	Min-8 containment	Top-percentile	20	Borda	0.3333333333333333
TCGA-BF-AAP7	min8	Min-8 containment	Top-N	10	IC50-only	0.2
TCGA-BF-AAP7	min8	Min-8 containment	Top-N	20	IC50-only	0.16666666666666666
TCGA-BF-AAP7	min8	Min-8 containment	Top-N	50	IC50-only	0.16666666666666666
TCGA-BF-AAP7	min8	Min-8 containment	Top-percentile	1	IC50-only	0.0
TCGA-BF-AAP7	min8	Min-8 containment	Top-percentile	5	IC50-only	0.0
TCGA-BF-AAP7	min8	Min-8 containment	Top-percentile	10	IC50-only	0.0
TCGA-BF-AAP7	min8	Min-8 containment	Top-percentile	20	IC50-only	0.0
TCGA-BF-AAP7	min8_cov50	Min-8 + >=50% coverage	Top-N	10	Borda	0.1
TCGA-BF-AAP7	min8_cov50	Min-8 + >=50% coverage	Top-N	20	Borda	0.08333333333333333
TCGA-BF-AAP7	min8_cov50	Min-8 + >=50% coverage	Top-N	50	Borda	0.08333333333333333
TCGA-BF-AAP7	min8_cov50	Min-8 + >=50% coverage	Top-percentile	1	Borda	0.0
TCGA-BF-AAP7	min8_cov50	Min-8 + >=50% coverage	Top-percentile	5	Borda	0.0
TCGA-BF-AAP7	min8_cov50	Min-8 + >=50% coverage	Top-percentile	10	Borda	0.5
TCGA-BF-AAP7	min8_cov50	Min-8 + >=50% coverage	Top-percentile	20	Borda	0.3333333333333333
TCGA-BF-AAP7	min8_cov50	Min-8 + >=50% coverage	Top-N	10	IC50-only	0.1
TCGA-BF-AAP7	min8_cov50	Min-8 + >=50% coverage	Top-N	20	IC50-only	0.08333333333333333
TCGA-BF-AAP7	min8_cov50	Min-8 + >=50% coverage	Top-N	50	IC50-only	0.08333333333333333
TCGA-BF-AAP7	min8_cov50	Min-8 + >=50% coverage	Top-percentile	1	IC50-only	0.0
TCGA-BF-AAP7	min8_cov50	Min-8 + >=50% coverage	Top-percentile	5	IC50-only	0.0
TCGA-BF-AAP7	min8_cov50	Min-8 + >=50% coverage	Top-percentile	10	IC50-only	0.0
TCGA-BF-AAP7	min8_cov50	Min-8 + >=50% coverage	Top-percentile	20	IC50-only	0.0
TCGA-BF-AAP7	min8_cov70	Min-8 + >=70% coverage	Top-N	10	Borda	0.1
TCGA-BF-AAP7	min8_cov70	Min-8 + >=70% coverage	Top-N	20	Borda	0.08333333333333333
TCGA-BF-AAP7	min8_cov70	Min-8 + >=70% coverage	Top-N	50	Borda	0.08333333333333333
TCGA-BF-AAP7	min8_cov70	Min-8 + >=70% coverage	Top-percentile	1	Borda	0.0
TCGA-BF-AAP7	min8_cov70	Min-8 + >=70% coverage	Top-percentile	5	Borda	0.0
TCGA-BF-AAP7	min8_cov70	Min-8 + >=70% coverage	Top-percentile	10	Borda	0.5
TCGA-BF-AAP7	min8_cov70	Min-8 + >=70% coverage	Top-percentile	20	Borda	0.3333333333333333
TCGA-BF-AAP7	min8_cov70	Min-8 + >=70% coverage	Top-N	10	IC50-only	0.1
TCGA-BF-AAP7	min8_cov70	Min-8 + >=70% coverage	Top-N	20	IC50-only	0.08333333333333333
TCGA-BF-AAP7	min8_cov70	Min-8 + >=70% coverage	Top-N	50	IC50-only	0.08333333333333333
TCGA-BF-AAP7	min8_cov70	Min-8 + >=70% coverage	Top-percentile	1	IC50-only	0.0
TCGA-BF-AAP7	min8_cov70	Min-8 + >=70% coverage	Top-percentile	5	IC50-only	0.0
TCGA-BF-AAP7	min8_cov70	Min-8 + >=70% coverage	Top-percentile	10	IC50-only	0.0
TCGA-BF-AAP7	min8_cov70	Min-8 + >=70% coverage	Top-percentile	20	IC50-only	0.0
TCGA-BF-AAP7	min8_cov80	Min-8 + >=80% coverage	Top-N	10	Borda	0.0
TCGA-BF-AAP7	min8_cov80	Min-8 + >=80% coverage	Top-N	20	Borda	0.0
TCGA-BF-AAP7	min8_cov80	Min-8 + >=80% coverage	Top-N	50	Borda	0.0
TCGA-BF-AAP7	min8_cov80	Min-8 + >=80% coverage	Top-percentile	1	Borda	0.0
TCGA-BF-AAP7	min8_cov80	Min-8 + >=80% coverage	Top-percentile	5	Borda	0.0
TCGA-BF-AAP7	min8_cov80	Min-8 + >=80% coverage	Top-percentile	10	Borda	0.0
TCGA-BF-AAP7	min8_cov80	Min-8 + >=80% coverage	Top-percentile	20	Borda	0.0
TCGA-BF-AAP7	min8_cov80	Min-8 + >=80% coverage	Top-N	10	IC50-only	0.0
TCGA-BF-AAP7	min8_cov80	Min-8 + >=80% coverage	Top-N	20	IC50-only	0.0
TCGA-BF-AAP7	min8_cov80	Min-8 + >=80% coverage	Top-N	50	IC50-only	0.0
TCGA-BF-AAP7	min8_cov80	Min-8 + >=80% coverage	Top-percentile	1	IC50-only	0.0
TCGA-BF-AAP7	min8_cov80	Min-8 + >=80% coverage	Top-percentile	5	IC50-only	0.0
TCGA-BF-AAP7	min8_cov80	Min-8 + >=80% coverage	Top-percentile	10	IC50-only	0.0
TCGA-BF-AAP7	min8_cov80	Min-8 + >=80% coverage	Top-percentile	20	IC50-only	0.0
TCGA-BF-AAP8	min8	Min-8 containment	Top-N	10	Borda	0.1
TCGA-BF-AAP8	min8	Min-8 containment	Top-N	20	Borda	0.21428571428571427
TCGA-BF-AAP8	min8	Min-8 containment	Top-N	50	Borda	0.21428571428571427
TCGA-BF-AAP8	min8	Min-8 containment	Top-percentile	1	Borda	0.0
TCGA-BF-AAP8	min8	Min-8 containment	Top-percentile	5	Borda	0.0
TCGA-BF-AAP8	min8	Min-8 containment	Top-percentile	10	Borda	0.0
TCGA-BF-AAP8	min8	Min-8 containment	Top-percentile	20	Borda	0.0
TCGA-BF-AAP8	min8	Min-8 containment	Top-N	10	IC50-only	0.1
TCGA-BF-AAP8	min8	Min-8 containment	Top-N	20	IC50-only	0.21428571428571427
TCGA-BF-AAP8	min8	Min-8 containment	Top-N	50	IC50-only	0.21428571428571427
TCGA-BF-AAP8	min8	Min-8 containment	Top-percentile	1	IC50-only	0.0
TCGA-BF-AAP8	min8	Min-8 containment	Top-percentile	5	IC50-only	0.0
TCGA-BF-AAP8	min8	Min-8 containment	Top-percentile	10	IC50-only	0.0
TCGA-BF-AAP8	min8	Min-8 containment	Top-percentile	20	IC50-only	0.0
TCGA-BF-AAP8	min8_cov50	Min-8 + >=50% coverage	Top-N	10	Borda	0.1
TCGA-BF-AAP8	min8_cov50	Min-8 + >=50% coverage	Top-N	20	Borda	0.07142857142857142
TCGA-BF-AAP8	min8_cov50	Min-8 + >=50% coverage	Top-N	50	Borda	0.07142857142857142
TCGA-BF-AAP8	min8_cov50	Min-8 + >=50% coverage	Top-percentile	1	Borda	0.0
TCGA-BF-AAP8	min8_cov50	Min-8 + >=50% coverage	Top-percentile	5	Borda	0.0
TCGA-BF-AAP8	min8_cov50	Min-8 + >=50% coverage	Top-percentile	10	Borda	0.0
TCGA-BF-AAP8	min8_cov50	Min-8 + >=50% coverage	Top-percentile	20	Borda	0.0
TCGA-BF-AAP8	min8_cov50	Min-8 + >=50% coverage	Top-N	10	IC50-only	0.1
TCGA-BF-AAP8	min8_cov50	Min-8 + >=50% coverage	Top-N	20	IC50-only	0.07142857142857142
TCGA-BF-AAP8	min8_cov50	Min-8 + >=50% coverage	Top-N	50	IC50-only	0.07142857142857142
TCGA-BF-AAP8	min8_cov50	Min-8 + >=50% coverage	Top-percentile	1	IC50-only	0.0
TCGA-BF-AAP8	min8_cov50	Min-8 + >=50% coverage	Top-percentile	5	IC50-only	0.0
TCGA-BF-AAP8	min8_cov50	Min-8 + >=50% coverage	Top-percentile	10	IC50-only	0.0
TCGA-BF-AAP8	min8_cov50	Min-8 + >=50% coverage	Top-percentile	20	IC50-only	0.0
TCGA-BF-AAP8	min8_cov70	Min-8 + >=70% coverage	Top-N	10	Borda	0.0
TCGA-BF-AAP8	min8_cov70	Min-8 + >=70% coverage	Top-N	20	Borda	0.0
TCGA-BF-AAP8	min8_cov70	Min-8 + >=70% coverage	Top-N	50	Borda	0.0
TCGA-BF-AAP8	min8_cov70	Min-8 + >=70% coverage	Top-percentile	1	Borda	0.0
TCGA-BF-AAP8	min8_cov70	Min-8 + >=70% coverage	Top-percentile	5	Borda	0.0
TCGA-BF-AAP8	min8_cov70	Min-8 + >=70% coverage	Top-percentile	10	Borda	0.0
TCGA-BF-AAP8	min8_cov70	Min-8 + >=70% coverage	Top-percentile	20	Borda	0.0
TCGA-BF-AAP8	min8_cov70	Min-8 + >=70% coverage	Top-N	10	IC50-only	0.0
TCGA-BF-AAP8	min8_cov70	Min-8 + >=70% coverage	Top-N	20	IC50-only	0.0
TCGA-BF-AAP8	min8_cov70	Min-8 + >=70% coverage	Top-N	50	IC50-only	0.0
TCGA-BF-AAP8	min8_cov70	Min-8 + >=70% coverage	Top-percentile	1	IC50-only	0.0
TCGA-BF-AAP8	min8_cov70	Min-8 + >=70% coverage	Top-percentile	5	IC50-only	0.0
TCGA-BF-AAP8	min8_cov70	Min-8 + >=70% coverage	Top-percentile	10	IC50-only	0.0
TCGA-BF-AAP8	min8_cov70	Min-8 + >=70% coverage	Top-percentile	20	IC50-only	0.0
TCGA-BF-AAP8	min8_cov80	Min-8 + >=80% coverage	Top-N	10	Borda	0.0
TCGA-BF-AAP8	min8_cov80	Min-8 + >=80% coverage	Top-N	20	Borda	0.0
TCGA-BF-AAP8	min8_cov80	Min-8 + >=80% coverage	Top-N	50	Borda	0.0
TCGA-BF-AAP8	min8_cov80	Min-8 + >=80% coverage	Top-percentile	1	Borda	0.0
TCGA-BF-AAP8	min8_cov80	Min-8 + >=80% coverage	Top-percentile	5	Borda	0.0
TCGA-BF-AAP8	min8_cov80	Min-8 + >=80% coverage	Top-percentile	10	Borda	0.0
TCGA-BF-AAP8	min8_cov80	Min-8 + >=80% coverage	Top-percentile	20	Borda	0.0
TCGA-BF-AAP8	min8_cov80	Min-8 + >=80% coverage	Top-N	10	IC50-only	0.0
TCGA-BF-AAP8	min8_cov80	Min-8 + >=80% coverage	Top-N	20	IC50-only	0.0
TCGA-BF-AAP8	min8_cov80	Min-8 + >=80% coverage	Top-N	50	IC50-only	0.0
TCGA-BF-AAP8	min8_cov80	Min-8 + >=80% coverage	Top-percentile	1	IC50-only	0.0
TCGA-BF-AAP8	min8_cov80	Min-8 + >=80% coverage	Top-percentile	5	IC50-only	0.0
TCGA-BF-AAP8	min8_cov80	Min-8 + >=80% coverage	Top-percentile	10	IC50-only	0.0
TCGA-BF-AAP8	min8_cov80	Min-8 + >=80% coverage	Top-percentile	20	IC50-only	0.0
TCGA-D3-A5GT	min8	Min-8 containment	Top-N	10	Borda	0.5
TCGA-D3-A5GT	min8	Min-8 containment	Top-N	20	Borda	0.5
TCGA-D3-A5GT	min8	Min-8 containment	Top-N	50	Borda	0.5
TCGA-D3-A5GT	min8	Min-8 containment	Top-percentile	1	Borda	1.0
TCGA-D3-A5GT	min8	Min-8 containment	Top-percentile	5	Borda	1.0
TCGA-D3-A5GT	min8	Min-8 containment	Top-percentile	10	Borda	1.0
TCGA-D3-A5GT	min8	Min-8 containment	Top-percentile	20	Borda	0.5
TCGA-D3-A5GT	min8	Min-8 containment	Top-N	10	IC50-only	0.5
TCGA-D3-A5GT	min8	Min-8 containment	Top-N	20	IC50-only	0.5
TCGA-D3-A5GT	min8	Min-8 containment	Top-N	50	IC50-only	0.5
TCGA-D3-A5GT	min8	Min-8 containment	Top-percentile	1	IC50-only	1.0
TCGA-D3-A5GT	min8	Min-8 containment	Top-percentile	5	IC50-only	1.0
TCGA-D3-A5GT	min8	Min-8 containment	Top-percentile	10	IC50-only	1.0
TCGA-D3-A5GT	min8	Min-8 containment	Top-percentile	20	IC50-only	1.0
TCGA-D3-A5GT	min8_cov50	Min-8 + >=50% coverage	Top-N	10	Borda	0.3333333333333333
TCGA-D3-A5GT	min8_cov50	Min-8 + >=50% coverage	Top-N	20	Borda	0.3333333333333333
TCGA-D3-A5GT	min8_cov50	Min-8 + >=50% coverage	Top-N	50	Borda	0.3333333333333333
TCGA-D3-A5GT	min8_cov50	Min-8 + >=50% coverage	Top-percentile	1	Borda	1.0
TCGA-D3-A5GT	min8_cov50	Min-8 + >=50% coverage	Top-percentile	5	Borda	1.0
TCGA-D3-A5GT	min8_cov50	Min-8 + >=50% coverage	Top-percentile	10	Borda	1.0
TCGA-D3-A5GT	min8_cov50	Min-8 + >=50% coverage	Top-percentile	20	Borda	0.5
TCGA-D3-A5GT	min8_cov50	Min-8 + >=50% coverage	Top-N	10	IC50-only	0.3333333333333333
TCGA-D3-A5GT	min8_cov50	Min-8 + >=50% coverage	Top-N	20	IC50-only	0.3333333333333333
TCGA-D3-A5GT	min8_cov50	Min-8 + >=50% coverage	Top-N	50	IC50-only	0.3333333333333333
TCGA-D3-A5GT	min8_cov50	Min-8 + >=50% coverage	Top-percentile	1	IC50-only	0.0
TCGA-D3-A5GT	min8_cov50	Min-8 + >=50% coverage	Top-percentile	5	IC50-only	0.0
TCGA-D3-A5GT	min8_cov50	Min-8 + >=50% coverage	Top-percentile	10	IC50-only	0.0
TCGA-D3-A5GT	min8_cov50	Min-8 + >=50% coverage	Top-percentile	20	IC50-only	0.5
TCGA-D3-A5GT	min8_cov70	Min-8 + >=70% coverage	Top-N	10	Borda	0.0
TCGA-D3-A5GT	min8_cov70	Min-8 + >=70% coverage	Top-N	20	Borda	0.0
TCGA-D3-A5GT	min8_cov70	Min-8 + >=70% coverage	Top-N	50	Borda	0.0
TCGA-D3-A5GT	min8_cov70	Min-8 + >=70% coverage	Top-percentile	1	Borda	0.0
TCGA-D3-A5GT	min8_cov70	Min-8 + >=70% coverage	Top-percentile	5	Borda	0.0
TCGA-D3-A5GT	min8_cov70	Min-8 + >=70% coverage	Top-percentile	10	Borda	0.0
TCGA-D3-A5GT	min8_cov70	Min-8 + >=70% coverage	Top-percentile	20	Borda	0.0
TCGA-D3-A5GT	min8_cov70	Min-8 + >=70% coverage	Top-N	10	IC50-only	0.0
TCGA-D3-A5GT	min8_cov70	Min-8 + >=70% coverage	Top-N	20	IC50-only	0.0
TCGA-D3-A5GT	min8_cov70	Min-8 + >=70% coverage	Top-N	50	IC50-only	0.0
TCGA-D3-A5GT	min8_cov70	Min-8 + >=70% coverage	Top-percentile	1	IC50-only	0.0
TCGA-D3-A5GT	min8_cov70	Min-8 + >=70% coverage	Top-percentile	5	IC50-only	0.0
TCGA-D3-A5GT	min8_cov70	Min-8 + >=70% coverage	Top-percentile	10	IC50-only	0.0
TCGA-D3-A5GT	min8_cov70	Min-8 + >=70% coverage	Top-percentile	20	IC50-only	0.0
TCGA-D3-A5GT	min8_cov80	Min-8 + >=80% coverage	Top-N	10	Borda	0.0
TCGA-D3-A5GT	min8_cov80	Min-8 + >=80% coverage	Top-N	20	Borda	0.0
TCGA-D3-A5GT	min8_cov80	Min-8 + >=80% coverage	Top-N	50	Borda	0.0
TCGA-D3-A5GT	min8_cov80	Min-8 + >=80% coverage	Top-percentile	1	Borda	0.0
TCGA-D3-A5GT	min8_cov80	Min-8 + >=80% coverage	Top-percentile	5	Borda	0.0
TCGA-D3-A5GT	min8_cov80	Min-8 + >=80% coverage	Top-percentile	10	Borda	0.0
TCGA-D3-A5GT	min8_cov80	Min-8 + >=80% coverage	Top-percentile	20	Borda	0.0
TCGA-D3-A5GT	min8_cov80	Min-8 + >=80% coverage	Top-N	10	IC50-only	0.0
TCGA-D3-A5GT	min8_cov80	Min-8 + >=80% coverage	Top-N	20	IC50-only	0.0
TCGA-D3-A5GT	min8_cov80	Min-8 + >=80% coverage	Top-N	50	IC50-only	0.0
TCGA-D3-A5GT	min8_cov80	Min-8 + >=80% coverage	Top-percentile	1	IC50-only	0.0
TCGA-D3-A5GT	min8_cov80	Min-8 + >=80% coverage	Top-percentile	5	IC50-only	0.0
TCGA-D3-A5GT	min8_cov80	Min-8 + >=80% coverage	Top-percentile	10	IC50-only	0.0
TCGA-D3-A5GT	min8_cov80	Min-8 + >=80% coverage	Top-percentile	20	IC50-only	0.0
TCGA-D9-A3Z4	min8	Min-8 containment	Top-N	10	Borda	0.3
TCGA-D9-A3Z4	min8	Min-8 containment	Top-N	20	Borda	0.35
TCGA-D9-A3Z4	min8	Min-8 containment	Top-N	50	Borda	0.3877551020408163
TCGA-D9-A3Z4	min8	Min-8 containment	Top-percentile	1	Borda	0.0
TCGA-D9-A3Z4	min8	Min-8 containment	Top-percentile	5	Borda	0.3333333333333333
TCGA-D9-A3Z4	min8	Min-8 containment	Top-percentile	10	Borda	0.2
TCGA-D9-A3Z4	min8	Min-8 containment	Top-percentile	20	Borda	0.3
TCGA-D9-A3Z4	min8	Min-8 containment	Top-N	10	IC50-only	0.5
TCGA-D9-A3Z4	min8	Min-8 containment	Top-N	20	IC50-only	0.3
TCGA-D9-A3Z4	min8	Min-8 containment	Top-N	50	IC50-only	0.3877551020408163
TCGA-D9-A3Z4	min8	Min-8 containment	Top-percentile	1	IC50-only	1.0
TCGA-D9-A3Z4	min8	Min-8 containment	Top-percentile	5	IC50-only	0.3333333333333333
TCGA-D9-A3Z4	min8	Min-8 containment	Top-percentile	10	IC50-only	0.6
TCGA-D9-A3Z4	min8	Min-8 containment	Top-percentile	20	IC50-only	0.5
TCGA-D9-A3Z4	min8_cov50	Min-8 + >=50% coverage	Top-N	10	Borda	0.0
TCGA-D9-A3Z4	min8_cov50	Min-8 + >=50% coverage	Top-N	20	Borda	0.05
TCGA-D9-A3Z4	min8_cov50	Min-8 + >=50% coverage	Top-N	50	Borda	0.04081632653061224
TCGA-D9-A3Z4	min8_cov50	Min-8 + >=50% coverage	Top-percentile	1	Borda	0.0
TCGA-D9-A3Z4	min8_cov50	Min-8 + >=50% coverage	Top-percentile	5	Borda	0.0
TCGA-D9-A3Z4	min8_cov50	Min-8 + >=50% coverage	Top-percentile	10	Borda	0.0
TCGA-D9-A3Z4	min8_cov50	Min-8 + >=50% coverage	Top-percentile	20	Borda	0.0
TCGA-D9-A3Z4	min8_cov50	Min-8 + >=50% coverage	Top-N	10	IC50-only	0.1
TCGA-D9-A3Z4	min8_cov50	Min-8 + >=50% coverage	Top-N	20	IC50-only	0.1
TCGA-D9-A3Z4	min8_cov50	Min-8 + >=50% coverage	Top-N	50	IC50-only	0.04081632653061224
TCGA-D9-A3Z4	min8_cov50	Min-8 + >=50% coverage	Top-percentile	1	IC50-only	1.0
TCGA-D9-A3Z4	min8_cov50	Min-8 + >=50% coverage	Top-percentile	5	IC50-only	0.3333333333333333
TCGA-D9-A3Z4	min8_cov50	Min-8 + >=50% coverage	Top-percentile	10	IC50-only	0.2
TCGA-D9-A3Z4	min8_cov50	Min-8 + >=50% coverage	Top-percentile	20	IC50-only	0.1
TCGA-D9-A3Z4	min8_cov70	Min-8 + >=70% coverage	Top-N	10	Borda	0.0
TCGA-D9-A3Z4	min8_cov70	Min-8 + >=70% coverage	Top-N	20	Borda	0.0
TCGA-D9-A3Z4	min8_cov70	Min-8 + >=70% coverage	Top-N	50	Borda	0.0
TCGA-D9-A3Z4	min8_cov70	Min-8 + >=70% coverage	Top-percentile	1	Borda	0.0
TCGA-D9-A3Z4	min8_cov70	Min-8 + >=70% coverage	Top-percentile	5	Borda	0.0
TCGA-D9-A3Z4	min8_cov70	Min-8 + >=70% coverage	Top-percentile	10	Borda	0.0
TCGA-D9-A3Z4	min8_cov70	Min-8 + >=70% coverage	Top-percentile	20	Borda	0.0
TCGA-D9-A3Z4	min8_cov70	Min-8 + >=70% coverage	Top-N	10	IC50-only	0.0
TCGA-D9-A3Z4	min8_cov70	Min-8 + >=70% coverage	Top-N	20	IC50-only	0.0
TCGA-D9-A3Z4	min8_cov70	Min-8 + >=70% coverage	Top-N	50	IC50-only	0.0
TCGA-D9-A3Z4	min8_cov70	Min-8 + >=70% coverage	Top-percentile	1	IC50-only	0.0
TCGA-D9-A3Z4	min8_cov70	Min-8 + >=70% coverage	Top-percentile	5	IC50-only	0.0
TCGA-D9-A3Z4	min8_cov70	Min-8 + >=70% coverage	Top-percentile	10	IC50-only	0.0
TCGA-D9-A3Z4	min8_cov70	Min-8 + >=70% coverage	Top-percentile	20	IC50-only	0.0
TCGA-D9-A3Z4	min8_cov80	Min-8 + >=80% coverage	Top-N	10	Borda	0.0
TCGA-D9-A3Z4	min8_cov80	Min-8 + >=80% coverage	Top-N	20	Borda	0.0
TCGA-D9-A3Z4	min8_cov80	Min-8 + >=80% coverage	Top-N	50	Borda	0.0
TCGA-D9-A3Z4	min8_cov80	Min-8 + >=80% coverage	Top-percentile	1	Borda	0.0
TCGA-D9-A3Z4	min8_cov80	Min-8 + >=80% coverage	Top-percentile	5	Borda	0.0
TCGA-D9-A3Z4	min8_cov80	Min-8 + >=80% coverage	Top-percentile	10	Borda	0.0
TCGA-D9-A3Z4	min8_cov80	Min-8 + >=80% coverage	Top-percentile	20	Borda	0.0
TCGA-D9-A3Z4	min8_cov80	Min-8 + >=80% coverage	Top-N	10	IC50-only	0.0
TCGA-D9-A3Z4	min8_cov80	Min-8 + >=80% coverage	Top-N	20	IC50-only	0.0
TCGA-D9-A3Z4	min8_cov80	Min-8 + >=80% coverage	Top-N	50	IC50-only	0.0
TCGA-D9-A3Z4	min8_cov80	Min-8 + >=80% coverage	Top-percentile	1	IC50-only	0.0
TCGA-D9-A3Z4	min8_cov80	Min-8 + >=80% coverage	Top-percentile	5	IC50-only	0.0
TCGA-D9-A3Z4	min8_cov80	Min-8 + >=80% coverage	Top-percentile	10	IC50-only	0.0
TCGA-D9-A3Z4	min8_cov80	Min-8 + >=80% coverage	Top-percentile	20	IC50-only	0.0
TCGA-D9-A4Z2	min8	Min-8 containment	Top-N	10	Borda	0.2
TCGA-D9-A4Z2	min8	Min-8 containment	Top-N	20	Borda	0.1
TCGA-D9-A4Z2	min8	Min-8 containment	Top-N	50	Borda	0.14285714285714285
TCGA-D9-A4Z2	min8	Min-8 containment	Top-percentile	1	Borda	1.0
TCGA-D9-A4Z2	min8	Min-8 containment	Top-percentile	5	Borda	0.5
TCGA-D9-A4Z2	min8	Min-8 containment	Top-percentile	10	Borda	0.3333333333333333
TCGA-D9-A4Z2	min8	Min-8 containment	Top-percentile	20	Borda	0.3333333333333333
TCGA-D9-A4Z2	min8	Min-8 containment	Top-N	10	IC50-only	0.2
TCGA-D9-A4Z2	min8	Min-8 containment	Top-N	20	IC50-only	0.2
TCGA-D9-A4Z2	min8	Min-8 containment	Top-N	50	IC50-only	0.14285714285714285
TCGA-D9-A4Z2	min8	Min-8 containment	Top-percentile	1	IC50-only	0.0
TCGA-D9-A4Z2	min8	Min-8 containment	Top-percentile	5	IC50-only	0.0
TCGA-D9-A4Z2	min8	Min-8 containment	Top-percentile	10	IC50-only	0.3333333333333333
TCGA-D9-A4Z2	min8	Min-8 containment	Top-percentile	20	IC50-only	0.3333333333333333
TCGA-D9-A4Z2	min8_cov50	Min-8 + >=50% coverage	Top-N	10	Borda	0.2
TCGA-D9-A4Z2	min8_cov50	Min-8 + >=50% coverage	Top-N	20	Borda	0.1
TCGA-D9-A4Z2	min8_cov50	Min-8 + >=50% coverage	Top-N	50	Borda	0.14285714285714285
TCGA-D9-A4Z2	min8_cov50	Min-8 + >=50% coverage	Top-percentile	1	Borda	1.0
TCGA-D9-A4Z2	min8_cov50	Min-8 + >=50% coverage	Top-percentile	5	Borda	0.5
TCGA-D9-A4Z2	min8_cov50	Min-8 + >=50% coverage	Top-percentile	10	Borda	0.3333333333333333
TCGA-D9-A4Z2	min8_cov50	Min-8 + >=50% coverage	Top-percentile	20	Borda	0.3333333333333333
TCGA-D9-A4Z2	min8_cov50	Min-8 + >=50% coverage	Top-N	10	IC50-only	0.2
TCGA-D9-A4Z2	min8_cov50	Min-8 + >=50% coverage	Top-N	20	IC50-only	0.2
TCGA-D9-A4Z2	min8_cov50	Min-8 + >=50% coverage	Top-N	50	IC50-only	0.14285714285714285
TCGA-D9-A4Z2	min8_cov50	Min-8 + >=50% coverage	Top-percentile	1	IC50-only	0.0
TCGA-D9-A4Z2	min8_cov50	Min-8 + >=50% coverage	Top-percentile	5	IC50-only	0.0
TCGA-D9-A4Z2	min8_cov50	Min-8 + >=50% coverage	Top-percentile	10	IC50-only	0.3333333333333333
TCGA-D9-A4Z2	min8_cov50	Min-8 + >=50% coverage	Top-percentile	20	IC50-only	0.3333333333333333
TCGA-D9-A4Z2	min8_cov70	Min-8 + >=70% coverage	Top-N	10	Borda	0.0
TCGA-D9-A4Z2	min8_cov70	Min-8 + >=70% coverage	Top-N	20	Borda	0.0
TCGA-D9-A4Z2	min8_cov70	Min-8 + >=70% coverage	Top-N	50	Borda	0.0
TCGA-D9-A4Z2	min8_cov70	Min-8 + >=70% coverage	Top-percentile	1	Borda	0.0
TCGA-D9-A4Z2	min8_cov70	Min-8 + >=70% coverage	Top-percentile	5	Borda	0.0
TCGA-D9-A4Z2	min8_cov70	Min-8 + >=70% coverage	Top-percentile	10	Borda	0.0
TCGA-D9-A4Z2	min8_cov70	Min-8 + >=70% coverage	Top-percentile	20	Borda	0.0
TCGA-D9-A4Z2	min8_cov70	Min-8 + >=70% coverage	Top-N	10	IC50-only	0.0
TCGA-D9-A4Z2	min8_cov70	Min-8 + >=70% coverage	Top-N	20	IC50-only	0.0
TCGA-D9-A4Z2	min8_cov70	Min-8 + >=70% coverage	Top-N	50	IC50-only	0.0
TCGA-D9-A4Z2	min8_cov70	Min-8 + >=70% coverage	Top-percentile	1	IC50-only	0.0
TCGA-D9-A4Z2	min8_cov70	Min-8 + >=70% coverage	Top-percentile	5	IC50-only	0.0
TCGA-D9-A4Z2	min8_cov70	Min-8 + >=70% coverage	Top-percentile	10	IC50-only	0.0
TCGA-D9-A4Z2	min8_cov70	Min-8 + >=70% coverage	Top-percentile	20	IC50-only	0.0
TCGA-D9-A4Z2	min8_cov80	Min-8 + >=80% coverage	Top-N	10	Borda	0.0
TCGA-D9-A4Z2	min8_cov80	Min-8 + >=80% coverage	Top-N	20	Borda	0.0
TCGA-D9-A4Z2	min8_cov80	Min-8 + >=80% coverage	Top-N	50	Borda	0.0
TCGA-D9-A4Z2	min8_cov80	Min-8 + >=80% coverage	Top-percentile	1	Borda	0.0
TCGA-D9-A4Z2	min8_cov80	Min-8 + >=80% coverage	Top-percentile	5	Borda	0.0
TCGA-D9-A4Z2	min8_cov80	Min-8 + >=80% coverage	Top-percentile	10	Borda	0.0
TCGA-D9-A4Z2	min8_cov80	Min-8 + >=80% coverage	Top-percentile	20	Borda	0.0
TCGA-D9-A4Z2	min8_cov80	Min-8 + >=80% coverage	Top-N	10	IC50-only	0.0
TCGA-D9-A4Z2	min8_cov80	Min-8 + >=80% coverage	Top-N	20	IC50-only	0.0
TCGA-D9-A4Z2	min8_cov80	Min-8 + >=80% coverage	Top-N	50	IC50-only	0.0
TCGA-D9-A4Z2	min8_cov80	Min-8 + >=80% coverage	Top-percentile	1	IC50-only	0.0
TCGA-D9-A4Z2	min8_cov80	Min-8 + >=80% coverage	Top-percentile	5	IC50-only	0.0
TCGA-D9-A4Z2	min8_cov80	Min-8 + >=80% coverage	Top-percentile	10	IC50-only	0.0
TCGA-D9-A4Z2	min8_cov80	Min-8 + >=80% coverage	Top-percentile	20	IC50-only	0.0
TCGA-D9-A4Z3	min8	Min-8 containment	Top-N	10	Borda	0.3
TCGA-D9-A4Z3	min8	Min-8 containment	Top-N	20	Borda	0.2
TCGA-D9-A4Z3	min8	Min-8 containment	Top-N	50	Borda	0.2
TCGA-D9-A4Z3	min8	Min-8 containment	Top-percentile	1	Borda	0.0
TCGA-D9-A4Z3	min8	Min-8 containment	Top-percentile	5	Borda	0.3
TCGA-D9-A4Z3	min8	Min-8 containment	Top-percentile	10	Borda	0.21052631578947367
TCGA-D9-A4Z3	min8	Min-8 containment	Top-percentile	20	Borda	0.24324324324324326
TCGA-D9-A4Z3	min8	Min-8 containment	Top-N	10	IC50-only	0.0
TCGA-D9-A4Z3	min8	Min-8 containment	Top-N	20	IC50-only	0.05
TCGA-D9-A4Z3	min8	Min-8 containment	Top-N	50	IC50-only	0.16
TCGA-D9-A4Z3	min8	Min-8 containment	Top-percentile	1	IC50-only	0.0
TCGA-D9-A4Z3	min8	Min-8 containment	Top-percentile	5	IC50-only	0.0
TCGA-D9-A4Z3	min8	Min-8 containment	Top-percentile	10	IC50-only	0.05263157894736842
TCGA-D9-A4Z3	min8	Min-8 containment	Top-percentile	20	IC50-only	0.16216216216216217
TCGA-D9-A4Z3	min8_cov50	Min-8 + >=50% coverage	Top-N	10	Borda	0.0
TCGA-D9-A4Z3	min8_cov50	Min-8 + >=50% coverage	Top-N	20	Borda	0.05
TCGA-D9-A4Z3	min8_cov50	Min-8 + >=50% coverage	Top-N	50	Borda	0.08
TCGA-D9-A4Z3	min8_cov50	Min-8 + >=50% coverage	Top-percentile	1	Borda	0.0
TCGA-D9-A4Z3	min8_cov50	Min-8 + >=50% coverage	Top-percentile	5	Borda	0.0
TCGA-D9-A4Z3	min8_cov50	Min-8 + >=50% coverage	Top-percentile	10	Borda	0.05263157894736842
TCGA-D9-A4Z3	min8_cov50	Min-8 + >=50% coverage	Top-percentile	20	Borda	0.08108108108108109
TCGA-D9-A4Z3	min8_cov50	Min-8 + >=50% coverage	Top-N	10	IC50-only	0.0
TCGA-D9-A4Z3	min8_cov50	Min-8 + >=50% coverage	Top-N	20	IC50-only	0.05
TCGA-D9-A4Z3	min8_cov50	Min-8 + >=50% coverage	Top-N	50	IC50-only	0.1
TCGA-D9-A4Z3	min8_cov50	Min-8 + >=50% coverage	Top-percentile	1	IC50-only	0.0
TCGA-D9-A4Z3	min8_cov50	Min-8 + >=50% coverage	Top-percentile	5	IC50-only	0.0
TCGA-D9-A4Z3	min8_cov50	Min-8 + >=50% coverage	Top-percentile	10	IC50-only	0.05263157894736842
TCGA-D9-A4Z3	min8_cov50	Min-8 + >=50% coverage	Top-percentile	20	IC50-only	0.10810810810810811
TCGA-D9-A4Z3	min8_cov70	Min-8 + >=70% coverage	Top-N	10	Borda	0.0
TCGA-D9-A4Z3	min8_cov70	Min-8 + >=70% coverage	Top-N	20	Borda	0.0
TCGA-D9-A4Z3	min8_cov70	Min-8 + >=70% coverage	Top-N	50	Borda	0.02
TCGA-D9-A4Z3	min8_cov70	Min-8 + >=70% coverage	Top-percentile	1	Borda	0.0
TCGA-D9-A4Z3	min8_cov70	Min-8 + >=70% coverage	Top-percentile	5	Borda	0.0
TCGA-D9-A4Z3	min8_cov70	Min-8 + >=70% coverage	Top-percentile	10	Borda	0.0
TCGA-D9-A4Z3	min8_cov70	Min-8 + >=70% coverage	Top-percentile	20	Borda	0.0
TCGA-D9-A4Z3	min8_cov70	Min-8 + >=70% coverage	Top-N	10	IC50-only	0.0
TCGA-D9-A4Z3	min8_cov70	Min-8 + >=70% coverage	Top-N	20	IC50-only	0.05
TCGA-D9-A4Z3	min8_cov70	Min-8 + >=70% coverage	Top-N	50	IC50-only	0.02
TCGA-D9-A4Z3	min8_cov70	Min-8 + >=70% coverage	Top-percentile	1	IC50-only	0.0
TCGA-D9-A4Z3	min8_cov70	Min-8 + >=70% coverage	Top-percentile	5	IC50-only	0.0
TCGA-D9-A4Z3	min8_cov70	Min-8 + >=70% coverage	Top-percentile	10	IC50-only	0.05263157894736842
TCGA-D9-A4Z3	min8_cov70	Min-8 + >=70% coverage	Top-percentile	20	IC50-only	0.02702702702702703
TCGA-D9-A4Z3	min8_cov80	Min-8 + >=80% coverage	Top-N	10	Borda	0.0
TCGA-D9-A4Z3	min8_cov80	Min-8 + >=80% coverage	Top-N	20	Borda	0.0
TCGA-D9-A4Z3	min8_cov80	Min-8 + >=80% coverage	Top-N	50	Borda	0.0
TCGA-D9-A4Z3	min8_cov80	Min-8 + >=80% coverage	Top-percentile	1	Borda	0.0
TCGA-D9-A4Z3	min8_cov80	Min-8 + >=80% coverage	Top-percentile	5	Borda	0.0
TCGA-D9-A4Z3	min8_cov80	Min-8 + >=80% coverage	Top-percentile	10	Borda	0.0
TCGA-D9-A4Z3	min8_cov80	Min-8 + >=80% coverage	Top-percentile	20	Borda	0.0
TCGA-D9-A4Z3	min8_cov80	Min-8 + >=80% coverage	Top-N	10	IC50-only	0.0
TCGA-D9-A4Z3	min8_cov80	Min-8 + >=80% coverage	Top-N	20	IC50-only	0.0
TCGA-D9-A4Z3	min8_cov80	Min-8 + >=80% coverage	Top-N	50	IC50-only	0.0
TCGA-D9-A4Z3	min8_cov80	Min-8 + >=80% coverage	Top-percentile	1	IC50-only	0.0
TCGA-D9-A4Z3	min8_cov80	Min-8 + >=80% coverage	Top-percentile	5	IC50-only	0.0
TCGA-D9-A4Z3	min8_cov80	Min-8 + >=80% coverage	Top-percentile	10	IC50-only	0.0
TCGA-D9-A4Z3	min8_cov80	Min-8 + >=80% coverage	Top-percentile	20	IC50-only	0.0
TCGA-EB-A1NK	min8	Min-8 containment	Top-N	10	Borda	0.4
TCGA-EB-A1NK	min8	Min-8 containment	Top-N	20	Borda	0.35
TCGA-EB-A1NK	min8	Min-8 containment	Top-N	50	Borda	0.275
TCGA-EB-A1NK	min8	Min-8 containment	Top-percentile	1	Borda	0.0
TCGA-EB-A1NK	min8	Min-8 containment	Top-percentile	5	Borda	0.0
TCGA-EB-A1NK	min8	Min-8 containment	Top-percentile	10	Borda	0.0
TCGA-EB-A1NK	min8	Min-8 containment	Top-percentile	20	Borda	0.375
TCGA-EB-A1NK	min8	Min-8 containment	Top-N	10	IC50-only	0.2
TCGA-EB-A1NK	min8	Min-8 containment	Top-N	20	IC50-only	0.4
TCGA-EB-A1NK	min8	Min-8 containment	Top-N	50	IC50-only	0.275
TCGA-EB-A1NK	min8	Min-8 containment	Top-percentile	1	IC50-only	0.0
TCGA-EB-A1NK	min8	Min-8 containment	Top-percentile	5	IC50-only	0.0
TCGA-EB-A1NK	min8	Min-8 containment	Top-percentile	10	IC50-only	0.0
TCGA-EB-A1NK	min8	Min-8 containment	Top-percentile	20	IC50-only	0.125
TCGA-EB-A1NK	min8_cov50	Min-8 + >=50% coverage	Top-N	10	Borda	0.1
TCGA-EB-A1NK	min8_cov50	Min-8 + >=50% coverage	Top-N	20	Borda	0.1
TCGA-EB-A1NK	min8_cov50	Min-8 + >=50% coverage	Top-N	50	Borda	0.125
TCGA-EB-A1NK	min8_cov50	Min-8 + >=50% coverage	Top-percentile	1	Borda	0.0
TCGA-EB-A1NK	min8_cov50	Min-8 + >=50% coverage	Top-percentile	5	Borda	0.0
TCGA-EB-A1NK	min8_cov50	Min-8 + >=50% coverage	Top-percentile	10	Borda	0.0
TCGA-EB-A1NK	min8_cov50	Min-8 + >=50% coverage	Top-percentile	20	Borda	0.125
TCGA-EB-A1NK	min8_cov50	Min-8 + >=50% coverage	Top-N	10	IC50-only	0.0
TCGA-EB-A1NK	min8_cov50	Min-8 + >=50% coverage	Top-N	20	IC50-only	0.1
TCGA-EB-A1NK	min8_cov50	Min-8 + >=50% coverage	Top-N	50	IC50-only	0.125
TCGA-EB-A1NK	min8_cov50	Min-8 + >=50% coverage	Top-percentile	1	IC50-only	0.0
TCGA-EB-A1NK	min8_cov50	Min-8 + >=50% coverage	Top-percentile	5	IC50-only	0.0
TCGA-EB-A1NK	min8_cov50	Min-8 + >=50% coverage	Top-percentile	10	IC50-only	0.0
TCGA-EB-A1NK	min8_cov50	Min-8 + >=50% coverage	Top-percentile	20	IC50-only	0.0
TCGA-EB-A1NK	min8_cov70	Min-8 + >=70% coverage	Top-N	10	Borda	0.0
TCGA-EB-A1NK	min8_cov70	Min-8 + >=70% coverage	Top-N	20	Borda	0.0
TCGA-EB-A1NK	min8_cov70	Min-8 + >=70% coverage	Top-N	50	Borda	0.0
TCGA-EB-A1NK	min8_cov70	Min-8 + >=70% coverage	Top-percentile	1	Borda	0.0
TCGA-EB-A1NK	min8_cov70	Min-8 + >=70% coverage	Top-percentile	5	Borda	0.0
TCGA-EB-A1NK	min8_cov70	Min-8 + >=70% coverage	Top-percentile	10	Borda	0.0
TCGA-EB-A1NK	min8_cov70	Min-8 + >=70% coverage	Top-percentile	20	Borda	0.0
TCGA-EB-A1NK	min8_cov70	Min-8 + >=70% coverage	Top-N	10	IC50-only	0.0
TCGA-EB-A1NK	min8_cov70	Min-8 + >=70% coverage	Top-N	20	IC50-only	0.0
TCGA-EB-A1NK	min8_cov70	Min-8 + >=70% coverage	Top-N	50	IC50-only	0.0
TCGA-EB-A1NK	min8_cov70	Min-8 + >=70% coverage	Top-percentile	1	IC50-only	0.0
TCGA-EB-A1NK	min8_cov70	Min-8 + >=70% coverage	Top-percentile	5	IC50-only	0.0
TCGA-EB-A1NK	min8_cov70	Min-8 + >=70% coverage	Top-percentile	10	IC50-only	0.0
TCGA-EB-A1NK	min8_cov70	Min-8 + >=70% coverage	Top-percentile	20	IC50-only	0.0
TCGA-EB-A1NK	min8_cov80	Min-8 + >=80% coverage	Top-N	10	Borda	0.0
TCGA-EB-A1NK	min8_cov80	Min-8 + >=80% coverage	Top-N	20	Borda	0.0
TCGA-EB-A1NK	min8_cov80	Min-8 + >=80% coverage	Top-N	50	Borda	0.0
TCGA-EB-A1NK	min8_cov80	Min-8 + >=80% coverage	Top-percentile	1	Borda	0.0
TCGA-EB-A1NK	min8_cov80	Min-8 + >=80% coverage	Top-percentile	5	Borda	0.0
TCGA-EB-A1NK	min8_cov80	Min-8 + >=80% coverage	Top-percentile	10	Borda	0.0
TCGA-EB-A1NK	min8_cov80	Min-8 + >=80% coverage	Top-percentile	20	Borda	0.0
TCGA-EB-A1NK	min8_cov80	Min-8 + >=80% coverage	Top-N	10	IC50-only	0.0
TCGA-EB-A1NK	min8_cov80	Min-8 + >=80% coverage	Top-N	20	IC50-only	0.0
TCGA-EB-A1NK	min8_cov80	Min-8 + >=80% coverage	Top-N	50	IC50-only	0.0
TCGA-EB-A1NK	min8_cov80	Min-8 + >=80% coverage	Top-percentile	1	IC50-only	0.0
TCGA-EB-A1NK	min8_cov80	Min-8 + >=80% coverage	Top-percentile	5	IC50-only	0.0
TCGA-EB-A1NK	min8_cov80	Min-8 + >=80% coverage	Top-percentile	10	IC50-only	0.0
TCGA-EB-A1NK	min8_cov80	Min-8 + >=80% coverage	Top-percentile	20	IC50-only	0.0
TCGA-EB-A3HV	min8	Min-8 containment	Top-N	10	Borda	0.4
TCGA-EB-A3HV	min8	Min-8 containment	Top-N	20	Borda	0.45
TCGA-EB-A3HV	min8	Min-8 containment	Top-N	50	Borda	0.4642857142857143
TCGA-EB-A3HV	min8	Min-8 containment	Top-percentile	1	Borda	0.0
TCGA-EB-A3HV	min8	Min-8 containment	Top-percentile	5	Borda	0.0
TCGA-EB-A3HV	min8	Min-8 containment	Top-percentile	10	Borda	0.0
TCGA-EB-A3HV	min8	Min-8 containment	Top-percentile	20	Borda	0.3333333333333333
TCGA-EB-A3HV	min8	Min-8 containment	Top-N	10	IC50-only	0.3
TCGA-EB-A3HV	min8	Min-8 containment	Top-N	20	IC50-only	0.45
TCGA-EB-A3HV	min8	Min-8 containment	Top-N	50	IC50-only	0.4642857142857143
TCGA-EB-A3HV	min8	Min-8 containment	Top-percentile	1	IC50-only	1.0
TCGA-EB-A3HV	min8	Min-8 containment	Top-percentile	5	IC50-only	1.0
TCGA-EB-A3HV	min8	Min-8 containment	Top-percentile	10	IC50-only	0.6666666666666666
TCGA-EB-A3HV	min8	Min-8 containment	Top-percentile	20	IC50-only	0.3333333333333333
TCGA-EB-A3HV	min8_cov50	Min-8 + >=50% coverage	Top-N	10	Borda	0.1
TCGA-EB-A3HV	min8_cov50	Min-8 + >=50% coverage	Top-N	20	Borda	0.15
TCGA-EB-A3HV	min8_cov50	Min-8 + >=50% coverage	Top-N	50	Borda	0.14285714285714285
TCGA-EB-A3HV	min8_cov50	Min-8 + >=50% coverage	Top-percentile	1	Borda	0.0
TCGA-EB-A3HV	min8_cov50	Min-8 + >=50% coverage	Top-percentile	5	Borda	0.0
TCGA-EB-A3HV	min8_cov50	Min-8 + >=50% coverage	Top-percentile	10	Borda	0.0
TCGA-EB-A3HV	min8_cov50	Min-8 + >=50% coverage	Top-percentile	20	Borda	0.0
TCGA-EB-A3HV	min8_cov50	Min-8 + >=50% coverage	Top-N	10	IC50-only	0.2
TCGA-EB-A3HV	min8_cov50	Min-8 + >=50% coverage	Top-N	20	IC50-only	0.1
TCGA-EB-A3HV	min8_cov50	Min-8 + >=50% coverage	Top-N	50	IC50-only	0.14285714285714285
TCGA-EB-A3HV	min8_cov50	Min-8 + >=50% coverage	Top-percentile	1	IC50-only	1.0
TCGA-EB-A3HV	min8_cov50	Min-8 + >=50% coverage	Top-percentile	5	IC50-only	1.0
TCGA-EB-A3HV	min8_cov50	Min-8 + >=50% coverage	Top-percentile	10	IC50-only	0.6666666666666666
TCGA-EB-A3HV	min8_cov50	Min-8 + >=50% coverage	Top-percentile	20	IC50-only	0.3333333333333333
TCGA-EB-A3HV	min8_cov70	Min-8 + >=70% coverage	Top-N	10	Borda	0.0
TCGA-EB-A3HV	min8_cov70	Min-8 + >=70% coverage	Top-N	20	Borda	0.0
TCGA-EB-A3HV	min8_cov70	Min-8 + >=70% coverage	Top-N	50	Borda	0.0
TCGA-EB-A3HV	min8_cov70	Min-8 + >=70% coverage	Top-percentile	1	Borda	0.0
TCGA-EB-A3HV	min8_cov70	Min-8 + >=70% coverage	Top-percentile	5	Borda	0.0
TCGA-EB-A3HV	min8_cov70	Min-8 + >=70% coverage	Top-percentile	10	Borda	0.0
TCGA-EB-A3HV	min8_cov70	Min-8 + >=70% coverage	Top-percentile	20	Borda	0.0
TCGA-EB-A3HV	min8_cov70	Min-8 + >=70% coverage	Top-N	10	IC50-only	0.0
TCGA-EB-A3HV	min8_cov70	Min-8 + >=70% coverage	Top-N	20	IC50-only	0.0
TCGA-EB-A3HV	min8_cov70	Min-8 + >=70% coverage	Top-N	50	IC50-only	0.0
TCGA-EB-A3HV	min8_cov70	Min-8 + >=70% coverage	Top-percentile	1	IC50-only	0.0
TCGA-EB-A3HV	min8_cov70	Min-8 + >=70% coverage	Top-percentile	5	IC50-only	0.0
TCGA-EB-A3HV	min8_cov70	Min-8 + >=70% coverage	Top-percentile	10	IC50-only	0.0
TCGA-EB-A3HV	min8_cov70	Min-8 + >=70% coverage	Top-percentile	20	IC50-only	0.0
TCGA-EB-A3HV	min8_cov80	Min-8 + >=80% coverage	Top-N	10	Borda	0.0
TCGA-EB-A3HV	min8_cov80	Min-8 + >=80% coverage	Top-N	20	Borda	0.0
TCGA-EB-A3HV	min8_cov80	Min-8 + >=80% coverage	Top-N	50	Borda	0.0
TCGA-EB-A3HV	min8_cov80	Min-8 + >=80% coverage	Top-percentile	1	Borda	0.0
TCGA-EB-A3HV	min8_cov80	Min-8 + >=80% coverage	Top-percentile	5	Borda	0.0
TCGA-EB-A3HV	min8_cov80	Min-8 + >=80% coverage	Top-percentile	10	Borda	0.0
TCGA-EB-A3HV	min8_cov80	Min-8 + >=80% coverage	Top-percentile	20	Borda	0.0
TCGA-EB-A3HV	min8_cov80	Min-8 + >=80% coverage	Top-N	10	IC50-only	0.0
TCGA-EB-A3HV	min8_cov80	Min-8 + >=80% coverage	Top-N	20	IC50-only	0.0
TCGA-EB-A3HV	min8_cov80	Min-8 + >=80% coverage	Top-N	50	IC50-only	0.0
TCGA-EB-A3HV	min8_cov80	Min-8 + >=80% coverage	Top-percentile	1	IC50-only	0.0
TCGA-EB-A3HV	min8_cov80	Min-8 + >=80% coverage	Top-percentile	5	IC50-only	0.0
TCGA-EB-A3HV	min8_cov80	Min-8 + >=80% coverage	Top-percentile	10	IC50-only	0.0
TCGA-EB-A3HV	min8_cov80	Min-8 + >=80% coverage	Top-percentile	20	IC50-only	0.0
TCGA-EB-A3XB	min8	Min-8 containment	Top-N	10	Borda	0.2
TCGA-EB-A3XB	min8	Min-8 containment	Top-N	20	Borda	0.15
TCGA-EB-A3XB	min8	Min-8 containment	Top-N	50	Borda	0.18
TCGA-EB-A3XB	min8	Min-8 containment	Top-percentile	1	Borda	0.0
TCGA-EB-A3XB	min8	Min-8 containment	Top-percentile	5	Borda	0.0
TCGA-EB-A3XB	min8	Min-8 containment	Top-percentile	10	Borda	0.14285714285714285
TCGA-EB-A3XB	min8	Min-8 containment	Top-percentile	20	Borda	0.15384615384615385
TCGA-EB-A3XB	min8	Min-8 containment	Top-N	10	IC50-only	0.1
TCGA-EB-A3XB	min8	Min-8 containment	Top-N	20	IC50-only	0.1
TCGA-EB-A3XB	min8	Min-8 containment	Top-N	50	IC50-only	0.18
TCGA-EB-A3XB	min8	Min-8 containment	Top-percentile	1	IC50-only	1.0
TCGA-EB-A3XB	min8	Min-8 containment	Top-percentile	5	IC50-only	0.25
TCGA-EB-A3XB	min8	Min-8 containment	Top-percentile	10	IC50-only	0.14285714285714285
TCGA-EB-A3XB	min8	Min-8 containment	Top-percentile	20	IC50-only	0.07692307692307693
TCGA-EB-A3XB	min8_cov50	Min-8 + >=50% coverage	Top-N	10	Borda	0.0
TCGA-EB-A3XB	min8_cov50	Min-8 + >=50% coverage	Top-N	20	Borda	0.0
TCGA-EB-A3XB	min8_cov50	Min-8 + >=50% coverage	Top-N	50	Borda	0.0
TCGA-EB-A3XB	min8_cov50	Min-8 + >=50% coverage	Top-percentile	1	Borda	0.0
TCGA-EB-A3XB	min8_cov50	Min-8 + >=50% coverage	Top-percentile	5	Borda	0.0
TCGA-EB-A3XB	min8_cov50	Min-8 + >=50% coverage	Top-percentile	10	Borda	0.0
TCGA-EB-A3XB	min8_cov50	Min-8 + >=50% coverage	Top-percentile	20	Borda	0.0
TCGA-EB-A3XB	min8_cov50	Min-8 + >=50% coverage	Top-N	10	IC50-only	0.0
TCGA-EB-A3XB	min8_cov50	Min-8 + >=50% coverage	Top-N	20	IC50-only	0.0
TCGA-EB-A3XB	min8_cov50	Min-8 + >=50% coverage	Top-N	50	IC50-only	0.0
TCGA-EB-A3XB	min8_cov50	Min-8 + >=50% coverage	Top-percentile	1	IC50-only	0.0
TCGA-EB-A3XB	min8_cov50	Min-8 + >=50% coverage	Top-percentile	5	IC50-only	0.0
TCGA-EB-A3XB	min8_cov50	Min-8 + >=50% coverage	Top-percentile	10	IC50-only	0.0
TCGA-EB-A3XB	min8_cov50	Min-8 + >=50% coverage	Top-percentile	20	IC50-only	0.0
TCGA-EB-A3XB	min8_cov70	Min-8 + >=70% coverage	Top-N	10	Borda	0.0
TCGA-EB-A3XB	min8_cov70	Min-8 + >=70% coverage	Top-N	20	Borda	0.0
TCGA-EB-A3XB	min8_cov70	Min-8 + >=70% coverage	Top-N	50	Borda	0.0
TCGA-EB-A3XB	min8_cov70	Min-8 + >=70% coverage	Top-percentile	1	Borda	0.0
TCGA-EB-A3XB	min8_cov70	Min-8 + >=70% coverage	Top-percentile	5	Borda	0.0
TCGA-EB-A3XB	min8_cov70	Min-8 + >=70% coverage	Top-percentile	10	Borda	0.0
TCGA-EB-A3XB	min8_cov70	Min-8 + >=70% coverage	Top-percentile	20	Borda	0.0
TCGA-EB-A3XB	min8_cov70	Min-8 + >=70% coverage	Top-N	10	IC50-only	0.0
TCGA-EB-A3XB	min8_cov70	Min-8 + >=70% coverage	Top-N	20	IC50-only	0.0
TCGA-EB-A3XB	min8_cov70	Min-8 + >=70% coverage	Top-N	50	IC50-only	0.0
TCGA-EB-A3XB	min8_cov70	Min-8 + >=70% coverage	Top-percentile	1	IC50-only	0.0
TCGA-EB-A3XB	min8_cov70	Min-8 + >=70% coverage	Top-percentile	5	IC50-only	0.0
TCGA-EB-A3XB	min8_cov70	Min-8 + >=70% coverage	Top-percentile	10	IC50-only	0.0
TCGA-EB-A3XB	min8_cov70	Min-8 + >=70% coverage	Top-percentile	20	IC50-only	0.0
TCGA-EB-A3XB	min8_cov80	Min-8 + >=80% coverage	Top-N	10	Borda	0.0
TCGA-EB-A3XB	min8_cov80	Min-8 + >=80% coverage	Top-N	20	Borda	0.0
TCGA-EB-A3XB	min8_cov80	Min-8 + >=80% coverage	Top-N	50	Borda	0.0
TCGA-EB-A3XB	min8_cov80	Min-8 + >=80% coverage	Top-percentile	1	Borda	0.0
TCGA-EB-A3XB	min8_cov80	Min-8 + >=80% coverage	Top-percentile	5	Borda	0.0
TCGA-EB-A3XB	min8_cov80	Min-8 + >=80% coverage	Top-percentile	10	Borda	0.0
TCGA-EB-A3XB	min8_cov80	Min-8 + >=80% coverage	Top-percentile	20	Borda	0.0
TCGA-EB-A3XB	min8_cov80	Min-8 + >=80% coverage	Top-N	10	IC50-only	0.0
TCGA-EB-A3XB	min8_cov80	Min-8 + >=80% coverage	Top-N	20	IC50-only	0.0
TCGA-EB-A3XB	min8_cov80	Min-8 + >=80% coverage	Top-N	50	IC50-only	0.0
TCGA-EB-A3XB	min8_cov80	Min-8 + >=80% coverage	Top-percentile	1	IC50-only	0.0
TCGA-EB-A3XB	min8_cov80	Min-8 + >=80% coverage	Top-percentile	5	IC50-only	0.0
TCGA-EB-A3XB	min8_cov80	Min-8 + >=80% coverage	Top-percentile	10	IC50-only	0.0
TCGA-EB-A3XB	min8_cov80	Min-8 + >=80% coverage	Top-percentile	20	IC50-only	0.0
TCGA-EB-A3XC	min8	Min-8 containment	Top-N	10	Borda	0.5
TCGA-EB-A3XC	min8	Min-8 containment	Top-N	20	Borda	0.5
TCGA-EB-A3XC	min8	Min-8 containment	Top-N	50	Borda	0.38
TCGA-EB-A3XC	min8	Min-8 containment	Top-percentile	1	Borda	1.0
TCGA-EB-A3XC	min8	Min-8 containment	Top-percentile	5	Borda	0.8333333333333334
TCGA-EB-A3XC	min8	Min-8 containment	Top-percentile	10	Borda	0.5454545454545454
TCGA-EB-A3XC	min8	Min-8 containment	Top-percentile	20	Borda	0.5238095238095238
TCGA-EB-A3XC	min8	Min-8 containment	Top-N	10	IC50-only	0.2
TCGA-EB-A3XC	min8	Min-8 containment	Top-N	20	IC50-only	0.35
TCGA-EB-A3XC	min8	Min-8 containment	Top-N	50	IC50-only	0.3
TCGA-EB-A3XC	min8	Min-8 containment	Top-percentile	1	IC50-only	0.5
TCGA-EB-A3XC	min8	Min-8 containment	Top-percentile	5	IC50-only	0.16666666666666666
TCGA-EB-A3XC	min8	Min-8 containment	Top-percentile	10	IC50-only	0.18181818181818182
TCGA-EB-A3XC	min8	Min-8 containment	Top-percentile	20	IC50-only	0.38095238095238093
TCGA-EB-A3XC	min8_cov50	Min-8 + >=50% coverage	Top-N	10	Borda	0.2
TCGA-EB-A3XC	min8_cov50	Min-8 + >=50% coverage	Top-N	20	Borda	0.25
TCGA-EB-A3XC	min8_cov50	Min-8 + >=50% coverage	Top-N	50	Borda	0.18
TCGA-EB-A3XC	min8_cov50	Min-8 + >=50% coverage	Top-percentile	1	Borda	0.0
TCGA-EB-A3XC	min8_cov50	Min-8 + >=50% coverage	Top-percentile	5	Borda	0.3333333333333333
TCGA-EB-A3XC	min8_cov50	Min-8 + >=50% coverage	Top-percentile	10	Borda	0.2727272727272727
TCGA-EB-A3XC	min8_cov50	Min-8 + >=50% coverage	Top-percentile	20	Borda	0.23809523809523808
TCGA-EB-A3XC	min8_cov50	Min-8 + >=50% coverage	Top-N	10	IC50-only	0.1
TCGA-EB-A3XC	min8_cov50	Min-8 + >=50% coverage	Top-N	20	IC50-only	0.15
TCGA-EB-A3XC	min8_cov50	Min-8 + >=50% coverage	Top-N	50	IC50-only	0.08
TCGA-EB-A3XC	min8_cov50	Min-8 + >=50% coverage	Top-percentile	1	IC50-only	0.5
TCGA-EB-A3XC	min8_cov50	Min-8 + >=50% coverage	Top-percentile	5	IC50-only	0.16666666666666666
TCGA-EB-A3XC	min8_cov50	Min-8 + >=50% coverage	Top-percentile	10	IC50-only	0.09090909090909091
TCGA-EB-A3XC	min8_cov50	Min-8 + >=50% coverage	Top-percentile	20	IC50-only	0.14285714285714285
TCGA-EB-A3XC	min8_cov70	Min-8 + >=70% coverage	Top-N	10	Borda	0.0
TCGA-EB-A3XC	min8_cov70	Min-8 + >=70% coverage	Top-N	20	Borda	0.0
TCGA-EB-A3XC	min8_cov70	Min-8 + >=70% coverage	Top-N	50	Borda	0.02
TCGA-EB-A3XC	min8_cov70	Min-8 + >=70% coverage	Top-percentile	1	Borda	0.0
TCGA-EB-A3XC	min8_cov70	Min-8 + >=70% coverage	Top-percentile	5	Borda	0.0
TCGA-EB-A3XC	min8_cov70	Min-8 + >=70% coverage	Top-percentile	10	Borda	0.0
TCGA-EB-A3XC	min8_cov70	Min-8 + >=70% coverage	Top-percentile	20	Borda	0.0
TCGA-EB-A3XC	min8_cov70	Min-8 + >=70% coverage	Top-N	10	IC50-only	0.0
TCGA-EB-A3XC	min8_cov70	Min-8 + >=70% coverage	Top-N	20	IC50-only	0.0
TCGA-EB-A3XC	min8_cov70	Min-8 + >=70% coverage	Top-N	50	IC50-only	0.0
TCGA-EB-A3XC	min8_cov70	Min-8 + >=70% coverage	Top-percentile	1	IC50-only	0.0
TCGA-EB-A3XC	min8_cov70	Min-8 + >=70% coverage	Top-percentile	5	IC50-only	0.0
TCGA-EB-A3XC	min8_cov70	Min-8 + >=70% coverage	Top-percentile	10	IC50-only	0.0
TCGA-EB-A3XC	min8_cov70	Min-8 + >=70% coverage	Top-percentile	20	IC50-only	0.0
TCGA-EB-A3XC	min8_cov80	Min-8 + >=80% coverage	Top-N	10	Borda	0.0
TCGA-EB-A3XC	min8_cov80	Min-8 + >=80% coverage	Top-N	20	Borda	0.0
TCGA-EB-A3XC	min8_cov80	Min-8 + >=80% coverage	Top-N	50	Borda	0.0
TCGA-EB-A3XC	min8_cov80	Min-8 + >=80% coverage	Top-percentile	1	Borda	0.0
TCGA-EB-A3XC	min8_cov80	Min-8 + >=80% coverage	Top-percentile	5	Borda	0.0
TCGA-EB-A3XC	min8_cov80	Min-8 + >=80% coverage	Top-percentile	10	Borda	0.0
TCGA-EB-A3XC	min8_cov80	Min-8 + >=80% coverage	Top-percentile	20	Borda	0.0
TCGA-EB-A3XC	min8_cov80	Min-8 + >=80% coverage	Top-N	10	IC50-only	0.0
TCGA-EB-A3XC	min8_cov80	Min-8 + >=80% coverage	Top-N	20	IC50-only	0.0
TCGA-EB-A3XC	min8_cov80	Min-8 + >=80% coverage	Top-N	50	IC50-only	0.0
TCGA-EB-A3XC	min8_cov80	Min-8 + >=80% coverage	Top-percentile	1	IC50-only	0.0
TCGA-EB-A3XC	min8_cov80	Min-8 + >=80% coverage	Top-percentile	5	IC50-only	0.0
TCGA-EB-A3XC	min8_cov80	Min-8 + >=80% coverage	Top-percentile	10	IC50-only	0.0
TCGA-EB-A3XC	min8_cov80	Min-8 + >=80% coverage	Top-percentile	20	IC50-only	0.0
TCGA-EB-A3XD	min8	Min-8 containment	Top-N	10	Borda	0.5
TCGA-EB-A3XD	min8	Min-8 containment	Top-N	20	Borda	0.25
TCGA-EB-A3XD	min8	Min-8 containment	Top-N	50	Borda	0.22727272727272727
TCGA-EB-A3XD	min8	Min-8 containment	Top-percentile	1	Borda	1.0
TCGA-EB-A3XD	min8	Min-8 containment	Top-percentile	5	Borda	0.5
TCGA-EB-A3XD	min8	Min-8 containment	Top-percentile	10	Borda	0.6666666666666666
TCGA-EB-A3XD	min8	Min-8 containment	Top-percentile	20	Borda	0.6
TCGA-EB-A3XD	min8	Min-8 containment	Top-N	10	IC50-only	0.1
TCGA-EB-A3XD	min8	Min-8 containment	Top-N	20	IC50-only	0.15
TCGA-EB-A3XD	min8	Min-8 containment	Top-N	50	IC50-only	0.22727272727272727
TCGA-EB-A3XD	min8	Min-8 containment	Top-percentile	1	IC50-only	0.0
TCGA-EB-A3XD	min8	Min-8 containment	Top-percentile	5	IC50-only	0.0
TCGA-EB-A3XD	min8	Min-8 containment	Top-percentile	10	IC50-only	0.3333333333333333
TCGA-EB-A3XD	min8	Min-8 containment	Top-percentile	20	IC50-only	0.2
TCGA-EB-A3XD	min8_cov50	Min-8 + >=50% coverage	Top-N	10	Borda	0.2
TCGA-EB-A3XD	min8_cov50	Min-8 + >=50% coverage	Top-N	20	Borda	0.1
TCGA-EB-A3XD	min8_cov50	Min-8 + >=50% coverage	Top-N	50	Borda	0.09090909090909091
TCGA-EB-A3XD	min8_cov50	Min-8 + >=50% coverage	Top-percentile	1	Borda	0.0
TCGA-EB-A3XD	min8_cov50	Min-8 + >=50% coverage	Top-percentile	5	Borda	0.0
TCGA-EB-A3XD	min8_cov50	Min-8 + >=50% coverage	Top-percentile	10	Borda	0.0
TCGA-EB-A3XD	min8_cov50	Min-8 + >=50% coverage	Top-percentile	20	Borda	0.2
TCGA-EB-A3XD	min8_cov50	Min-8 + >=50% coverage	Top-N	10	IC50-only	0.0
TCGA-EB-A3XD	min8_cov50	Min-8 + >=50% coverage	Top-N	20	IC50-only	0.0
TCGA-EB-A3XD	min8_cov50	Min-8 + >=50% coverage	Top-N	50	IC50-only	0.09090909090909091
TCGA-EB-A3XD	min8_cov50	Min-8 + >=50% coverage	Top-percentile	1	IC50-only	0.0
TCGA-EB-A3XD	min8_cov50	Min-8 + >=50% coverage	Top-percentile	5	IC50-only	0.0
TCGA-EB-A3XD	min8_cov50	Min-8 + >=50% coverage	Top-percentile	10	IC50-only	0.0
TCGA-EB-A3XD	min8_cov50	Min-8 + >=50% coverage	Top-percentile	20	IC50-only	0.0
TCGA-EB-A3XD	min8_cov70	Min-8 + >=70% coverage	Top-N	10	Borda	0.2
TCGA-EB-A3XD	min8_cov70	Min-8 + >=70% coverage	Top-N	20	Borda	0.1
TCGA-EB-A3XD	min8_cov70	Min-8 + >=70% coverage	Top-N	50	Borda	0.09090909090909091
TCGA-EB-A3XD	min8_cov70	Min-8 + >=70% coverage	Top-percentile	1	Borda	0.0
TCGA-EB-A3XD	min8_cov70	Min-8 + >=70% coverage	Top-percentile	5	Borda	0.0
TCGA-EB-A3XD	min8_cov70	Min-8 + >=70% coverage	Top-percentile	10	Borda	0.0
TCGA-EB-A3XD	min8_cov70	Min-8 + >=70% coverage	Top-percentile	20	Borda	0.2
TCGA-EB-A3XD	min8_cov70	Min-8 + >=70% coverage	Top-N	10	IC50-only	0.0
TCGA-EB-A3XD	min8_cov70	Min-8 + >=70% coverage	Top-N	20	IC50-only	0.0
TCGA-EB-A3XD	min8_cov70	Min-8 + >=70% coverage	Top-N	50	IC50-only	0.09090909090909091
TCGA-EB-A3XD	min8_cov70	Min-8 + >=70% coverage	Top-percentile	1	IC50-only	0.0
TCGA-EB-A3XD	min8_cov70	Min-8 + >=70% coverage	Top-percentile	5	IC50-only	0.0
TCGA-EB-A3XD	min8_cov70	Min-8 + >=70% coverage	Top-percentile	10	IC50-only	0.0
TCGA-EB-A3XD	min8_cov70	Min-8 + >=70% coverage	Top-percentile	20	IC50-only	0.0
TCGA-EB-A3XD	min8_cov80	Min-8 + >=80% coverage	Top-N	10	Borda	0.2
TCGA-EB-A3XD	min8_cov80	Min-8 + >=80% coverage	Top-N	20	Borda	0.1
TCGA-EB-A3XD	min8_cov80	Min-8 + >=80% coverage	Top-N	50	Borda	0.09090909090909091
TCGA-EB-A3XD	min8_cov80	Min-8 + >=80% coverage	Top-percentile	1	Borda	0.0
TCGA-EB-A3XD	min8_cov80	Min-8 + >=80% coverage	Top-percentile	5	Borda	0.0
TCGA-EB-A3XD	min8_cov80	Min-8 + >=80% coverage	Top-percentile	10	Borda	0.0
TCGA-EB-A3XD	min8_cov80	Min-8 + >=80% coverage	Top-percentile	20	Borda	0.2
TCGA-EB-A3XD	min8_cov80	Min-8 + >=80% coverage	Top-N	10	IC50-only	0.0
TCGA-EB-A3XD	min8_cov80	Min-8 + >=80% coverage	Top-N	20	IC50-only	0.0
TCGA-EB-A3XD	min8_cov80	Min-8 + >=80% coverage	Top-N	50	IC50-only	0.09090909090909091
TCGA-EB-A3XD	min8_cov80	Min-8 + >=80% coverage	Top-percentile	1	IC50-only	0.0
TCGA-EB-A3XD	min8_cov80	Min-8 + >=80% coverage	Top-percentile	5	IC50-only	0.0
TCGA-EB-A3XD	min8_cov80	Min-8 + >=80% coverage	Top-percentile	10	IC50-only	0.0
TCGA-EB-A3XD	min8_cov80	Min-8 + >=80% coverage	Top-percentile	20	IC50-only	0.0
TCGA-EB-A3XE	min8	Min-8 containment	Top-N	10	Borda	0.2
TCGA-EB-A3XE	min8	Min-8 containment	Top-N	20	Borda	0.25
TCGA-EB-A3XE	min8	Min-8 containment	Top-N	50	Borda	0.25
TCGA-EB-A3XE	min8	Min-8 containment	Top-percentile	1	Borda	0.0
TCGA-EB-A3XE	min8	Min-8 containment	Top-percentile	5	Borda	0.0
TCGA-EB-A3XE	min8	Min-8 containment	Top-percentile	10	Borda	0.0
TCGA-EB-A3XE	min8	Min-8 containment	Top-percentile	20	Borda	0.0
TCGA-EB-A3XE	min8	Min-8 containment	Top-N	10	IC50-only	0.2
TCGA-EB-A3XE	min8	Min-8 containment	Top-N	20	IC50-only	0.25
TCGA-EB-A3XE	min8	Min-8 containment	Top-N	50	IC50-only	0.25
TCGA-EB-A3XE	min8	Min-8 containment	Top-percentile	1	IC50-only	0.0
TCGA-EB-A3XE	min8	Min-8 containment	Top-percentile	5	IC50-only	0.0
TCGA-EB-A3XE	min8	Min-8 containment	Top-percentile	10	IC50-only	0.0
TCGA-EB-A3XE	min8	Min-8 containment	Top-percentile	20	IC50-only	0.0
TCGA-EB-A3XE	min8_cov50	Min-8 + >=50% coverage	Top-N	10	Borda	0.0
TCGA-EB-A3XE	min8_cov50	Min-8 + >=50% coverage	Top-N	20	Borda	0.0
TCGA-EB-A3XE	min8_cov50	Min-8 + >=50% coverage	Top-N	50	Borda	0.0
TCGA-EB-A3XE	min8_cov50	Min-8 + >=50% coverage	Top-percentile	1	Borda	0.0
TCGA-EB-A3XE	min8_cov50	Min-8 + >=50% coverage	Top-percentile	5	Borda	0.0
TCGA-EB-A3XE	min8_cov50	Min-8 + >=50% coverage	Top-percentile	10	Borda	0.0
TCGA-EB-A3XE	min8_cov50	Min-8 + >=50% coverage	Top-percentile	20	Borda	0.0
TCGA-EB-A3XE	min8_cov50	Min-8 + >=50% coverage	Top-N	10	IC50-only	0.0
TCGA-EB-A3XE	min8_cov50	Min-8 + >=50% coverage	Top-N	20	IC50-only	0.0
TCGA-EB-A3XE	min8_cov50	Min-8 + >=50% coverage	Top-N	50	IC50-only	0.0
TCGA-EB-A3XE	min8_cov50	Min-8 + >=50% coverage	Top-percentile	1	IC50-only	0.0
TCGA-EB-A3XE	min8_cov50	Min-8 + >=50% coverage	Top-percentile	5	IC50-only	0.0
TCGA-EB-A3XE	min8_cov50	Min-8 + >=50% coverage	Top-percentile	10	IC50-only	0.0
TCGA-EB-A3XE	min8_cov50	Min-8 + >=50% coverage	Top-percentile	20	IC50-only	0.0
TCGA-EB-A3XE	min8_cov70	Min-8 + >=70% coverage	Top-N	10	Borda	0.0
TCGA-EB-A3XE	min8_cov70	Min-8 + >=70% coverage	Top-N	20	Borda	0.0
TCGA-EB-A3XE	min8_cov70	Min-8 + >=70% coverage	Top-N	50	Borda	0.0
TCGA-EB-A3XE	min8_cov70	Min-8 + >=70% coverage	Top-percentile	1	Borda	0.0
TCGA-EB-A3XE	min8_cov70	Min-8 + >=70% coverage	Top-percentile	5	Borda	0.0
TCGA-EB-A3XE	min8_cov70	Min-8 + >=70% coverage	Top-percentile	10	Borda	0.0
TCGA-EB-A3XE	min8_cov70	Min-8 + >=70% coverage	Top-percentile	20	Borda	0.0
TCGA-EB-A3XE	min8_cov70	Min-8 + >=70% coverage	Top-N	10	IC50-only	0.0
TCGA-EB-A3XE	min8_cov70	Min-8 + >=70% coverage	Top-N	20	IC50-only	0.0
TCGA-EB-A3XE	min8_cov70	Min-8 + >=70% coverage	Top-N	50	IC50-only	0.0
TCGA-EB-A3XE	min8_cov70	Min-8 + >=70% coverage	Top-percentile	1	IC50-only	0.0
TCGA-EB-A3XE	min8_cov70	Min-8 + >=70% coverage	Top-percentile	5	IC50-only	0.0
TCGA-EB-A3XE	min8_cov70	Min-8 + >=70% coverage	Top-percentile	10	IC50-only	0.0
TCGA-EB-A3XE	min8_cov70	Min-8 + >=70% coverage	Top-percentile	20	IC50-only	0.0
TCGA-EB-A3XE	min8_cov80	Min-8 + >=80% coverage	Top-N	10	Borda	0.0
TCGA-EB-A3XE	min8_cov80	Min-8 + >=80% coverage	Top-N	20	Borda	0.0
TCGA-EB-A3XE	min8_cov80	Min-8 + >=80% coverage	Top-N	50	Borda	0.0
TCGA-EB-A3XE	min8_cov80	Min-8 + >=80% coverage	Top-percentile	1	Borda	0.0
TCGA-EB-A3XE	min8_cov80	Min-8 + >=80% coverage	Top-percentile	5	Borda	0.0
TCGA-EB-A3XE	min8_cov80	Min-8 + >=80% coverage	Top-percentile	10	Borda	0.0
TCGA-EB-A3XE	min8_cov80	Min-8 + >=80% coverage	Top-percentile	20	Borda	0.0
TCGA-EB-A3XE	min8_cov80	Min-8 + >=80% coverage	Top-N	10	IC50-only	0.0
TCGA-EB-A3XE	min8_cov80	Min-8 + >=80% coverage	Top-N	20	IC50-only	0.0
TCGA-EB-A3XE	min8_cov80	Min-8 + >=80% coverage	Top-N	50	IC50-only	0.0
TCGA-EB-A3XE	min8_cov80	Min-8 + >=80% coverage	Top-percentile	1	IC50-only	0.0
TCGA-EB-A3XE	min8_cov80	Min-8 + >=80% coverage	Top-percentile	5	IC50-only	0.0
TCGA-EB-A3XE	min8_cov80	Min-8 + >=80% coverage	Top-percentile	10	IC50-only	0.0
TCGA-EB-A3XE	min8_cov80	Min-8 + >=80% coverage	Top-percentile	20	IC50-only	0.0
TCGA-EB-A3XF	min8	Min-8 containment	Top-N	10	Borda	0.2
TCGA-EB-A3XF	min8	Min-8 containment	Top-N	20	Borda	0.25
TCGA-EB-A3XF	min8	Min-8 containment	Top-N	50	Borda	0.16
TCGA-EB-A3XF	min8	Min-8 containment	Top-percentile	1	Borda	0.0
TCGA-EB-A3XF	min8	Min-8 containment	Top-percentile	5	Borda	0.0
TCGA-EB-A3XF	min8	Min-8 containment	Top-percentile	10	Borda	0.2
TCGA-EB-A3XF	min8	Min-8 containment	Top-percentile	20	Borda	0.2631578947368421
TCGA-EB-A3XF	min8	Min-8 containment	Top-N	10	IC50-only	0.0
TCGA-EB-A3XF	min8	Min-8 containment	Top-N	20	IC50-only	0.0
TCGA-EB-A3XF	min8	Min-8 containment	Top-N	50	IC50-only	0.08
TCGA-EB-A3XF	min8	Min-8 containment	Top-percentile	1	IC50-only	0.0
TCGA-EB-A3XF	min8	Min-8 containment	Top-percentile	5	IC50-only	0.0
TCGA-EB-A3XF	min8	Min-8 containment	Top-percentile	10	IC50-only	0.0
TCGA-EB-A3XF	min8	Min-8 containment	Top-percentile	20	IC50-only	0.0
TCGA-EB-A3XF	min8_cov50	Min-8 + >=50% coverage	Top-N	10	Borda	0.1
TCGA-EB-A3XF	min8_cov50	Min-8 + >=50% coverage	Top-N	20	Borda	0.1
TCGA-EB-A3XF	min8_cov50	Min-8 + >=50% coverage	Top-N	50	Borda	0.06
TCGA-EB-A3XF	min8_cov50	Min-8 + >=50% coverage	Top-percentile	1	Borda	0.0
TCGA-EB-A3XF	min8_cov50	Min-8 + >=50% coverage	Top-percentile	5	Borda	0.0
TCGA-EB-A3XF	min8_cov50	Min-8 + >=50% coverage	Top-percentile	10	Borda	0.1
TCGA-EB-A3XF	min8_cov50	Min-8 + >=50% coverage	Top-percentile	20	Borda	0.10526315789473684
TCGA-EB-A3XF	min8_cov50	Min-8 + >=50% coverage	Top-N	10	IC50-only	0.0
TCGA-EB-A3XF	min8_cov50	Min-8 + >=50% coverage	Top-N	20	IC50-only	0.0
TCGA-EB-A3XF	min8_cov50	Min-8 + >=50% coverage	Top-N	50	IC50-only	0.02
TCGA-EB-A3XF	min8_cov50	Min-8 + >=50% coverage	Top-percentile	1	IC50-only	0.0
TCGA-EB-A3XF	min8_cov50	Min-8 + >=50% coverage	Top-percentile	5	IC50-only	0.0
TCGA-EB-A3XF	min8_cov50	Min-8 + >=50% coverage	Top-percentile	10	IC50-only	0.0
TCGA-EB-A3XF	min8_cov50	Min-8 + >=50% coverage	Top-percentile	20	IC50-only	0.0
TCGA-EB-A3XF	min8_cov70	Min-8 + >=70% coverage	Top-N	10	Borda	0.0
TCGA-EB-A3XF	min8_cov70	Min-8 + >=70% coverage	Top-N	20	Borda	0.0
TCGA-EB-A3XF	min8_cov70	Min-8 + >=70% coverage	Top-N	50	Borda	0.02
TCGA-EB-A3XF	min8_cov70	Min-8 + >=70% coverage	Top-percentile	1	Borda	0.0
TCGA-EB-A3XF	min8_cov70	Min-8 + >=70% coverage	Top-percentile	5	Borda	0.0
TCGA-EB-A3XF	min8_cov70	Min-8 + >=70% coverage	Top-percentile	10	Borda	0.0
TCGA-EB-A3XF	min8_cov70	Min-8 + >=70% coverage	Top-percentile	20	Borda	0.0
TCGA-EB-A3XF	min8_cov70	Min-8 + >=70% coverage	Top-N	10	IC50-only	0.0
TCGA-EB-A3XF	min8_cov70	Min-8 + >=70% coverage	Top-N	20	IC50-only	0.0
TCGA-EB-A3XF	min8_cov70	Min-8 + >=70% coverage	Top-N	50	IC50-only	0.02
TCGA-EB-A3XF	min8_cov70	Min-8 + >=70% coverage	Top-percentile	1	IC50-only	0.0
TCGA-EB-A3XF	min8_cov70	Min-8 + >=70% coverage	Top-percentile	5	IC50-only	0.0
TCGA-EB-A3XF	min8_cov70	Min-8 + >=70% coverage	Top-percentile	10	IC50-only	0.0
TCGA-EB-A3XF	min8_cov70	Min-8 + >=70% coverage	Top-percentile	20	IC50-only	0.0
TCGA-EB-A3XF	min8_cov80	Min-8 + >=80% coverage	Top-N	10	Borda	0.0
TCGA-EB-A3XF	min8_cov80	Min-8 + >=80% coverage	Top-N	20	Borda	0.0
TCGA-EB-A3XF	min8_cov80	Min-8 + >=80% coverage	Top-N	50	Borda	0.02
TCGA-EB-A3XF	min8_cov80	Min-8 + >=80% coverage	Top-percentile	1	Borda	0.0
TCGA-EB-A3XF	min8_cov80	Min-8 + >=80% coverage	Top-percentile	5	Borda	0.0
TCGA-EB-A3XF	min8_cov80	Min-8 + >=80% coverage	Top-percentile	10	Borda	0.0
TCGA-EB-A3XF	min8_cov80	Min-8 + >=80% coverage	Top-percentile	20	Borda	0.0
TCGA-EB-A3XF	min8_cov80	Min-8 + >=80% coverage	Top-N	10	IC50-only	0.0
TCGA-EB-A3XF	min8_cov80	Min-8 + >=80% coverage	Top-N	20	IC50-only	0.0
TCGA-EB-A3XF	min8_cov80	Min-8 + >=80% coverage	Top-N	50	IC50-only	0.02
TCGA-EB-A3XF	min8_cov80	Min-8 + >=80% coverage	Top-percentile	1	IC50-only	0.0
TCGA-EB-A3XF	min8_cov80	Min-8 + >=80% coverage	Top-percentile	5	IC50-only	0.0
TCGA-EB-A3XF	min8_cov80	Min-8 + >=80% coverage	Top-percentile	10	IC50-only	0.0
TCGA-EB-A3XF	min8_cov80	Min-8 + >=80% coverage	Top-percentile	20	IC50-only	0.0
TCGA-EB-A41A	min8	Min-8 containment	Top-N	10	Borda	0.4
TCGA-EB-A41A	min8	Min-8 containment	Top-N	20	Borda	0.35
TCGA-EB-A41A	min8	Min-8 containment	Top-N	50	Borda	0.26
TCGA-EB-A41A	min8	Min-8 containment	Top-percentile	1	Borda	0.3333333333333333
TCGA-EB-A41A	min8	Min-8 containment	Top-percentile	5	Borda	0.3333333333333333
TCGA-EB-A41A	min8	Min-8 containment	Top-percentile	10	Borda	0.34782608695652173
TCGA-EB-A41A	min8	Min-8 containment	Top-percentile	20	Borda	0.24444444444444444
TCGA-EB-A41A	min8	Min-8 containment	Top-N	10	IC50-only	0.3
TCGA-EB-A41A	min8	Min-8 containment	Top-N	20	IC50-only	0.3
TCGA-EB-A41A	min8	Min-8 containment	Top-N	50	IC50-only	0.2
TCGA-EB-A41A	min8	Min-8 containment	Top-percentile	1	IC50-only	0.3333333333333333
TCGA-EB-A41A	min8	Min-8 containment	Top-percentile	5	IC50-only	0.3333333333333333
TCGA-EB-A41A	min8	Min-8 containment	Top-percentile	10	IC50-only	0.34782608695652173
TCGA-EB-A41A	min8	Min-8 containment	Top-percentile	20	IC50-only	0.2
TCGA-EB-A41A	min8_cov50	Min-8 + >=50% coverage	Top-N	10	Borda	0.1
TCGA-EB-A41A	min8_cov50	Min-8 + >=50% coverage	Top-N	20	Borda	0.05
TCGA-EB-A41A	min8_cov50	Min-8 + >=50% coverage	Top-N	50	Borda	0.06
TCGA-EB-A41A	min8_cov50	Min-8 + >=50% coverage	Top-percentile	1	Borda	0.0
TCGA-EB-A41A	min8_cov50	Min-8 + >=50% coverage	Top-percentile	5	Borda	0.08333333333333333
TCGA-EB-A41A	min8_cov50	Min-8 + >=50% coverage	Top-percentile	10	Borda	0.08695652173913043
TCGA-EB-A41A	min8_cov50	Min-8 + >=50% coverage	Top-percentile	20	Borda	0.06666666666666667
TCGA-EB-A41A	min8_cov50	Min-8 + >=50% coverage	Top-N	10	IC50-only	0.2
TCGA-EB-A41A	min8_cov50	Min-8 + >=50% coverage	Top-N	20	IC50-only	0.1
TCGA-EB-A41A	min8_cov50	Min-8 + >=50% coverage	Top-N	50	IC50-only	0.08
TCGA-EB-A41A	min8_cov50	Min-8 + >=50% coverage	Top-percentile	1	IC50-only	0.0
TCGA-EB-A41A	min8_cov50	Min-8 + >=50% coverage	Top-percentile	5	IC50-only	0.16666666666666666
TCGA-EB-A41A	min8_cov50	Min-8 + >=50% coverage	Top-percentile	10	IC50-only	0.17391304347826086
TCGA-EB-A41A	min8_cov50	Min-8 + >=50% coverage	Top-percentile	20	IC50-only	0.08888888888888889
TCGA-EB-A41A	min8_cov70	Min-8 + >=70% coverage	Top-N	10	Borda	0.0
TCGA-EB-A41A	min8_cov70	Min-8 + >=70% coverage	Top-N	20	Borda	0.0
TCGA-EB-A41A	min8_cov70	Min-8 + >=70% coverage	Top-N	50	Borda	0.0
TCGA-EB-A41A	min8_cov70	Min-8 + >=70% coverage	Top-percentile	1	Borda	0.0
TCGA-EB-A41A	min8_cov70	Min-8 + >=70% coverage	Top-percentile	5	Borda	0.0
TCGA-EB-A41A	min8_cov70	Min-8 + >=70% coverage	Top-percentile	10	Borda	0.0
TCGA-EB-A41A	min8_cov70	Min-8 + >=70% coverage	Top-percentile	20	Borda	0.0
TCGA-EB-A41A	min8_cov70	Min-8 + >=70% coverage	Top-N	10	IC50-only	0.0
TCGA-EB-A41A	min8_cov70	Min-8 + >=70% coverage	Top-N	20	IC50-only	0.0
TCGA-EB-A41A	min8_cov70	Min-8 + >=70% coverage	Top-N	50	IC50-only	0.0
TCGA-EB-A41A	min8_cov70	Min-8 + >=70% coverage	Top-percentile	1	IC50-only	0.0
TCGA-EB-A41A	min8_cov70	Min-8 + >=70% coverage	Top-percentile	5	IC50-only	0.0
TCGA-EB-A41A	min8_cov70	Min-8 + >=70% coverage	Top-percentile	10	IC50-only	0.0
TCGA-EB-A41A	min8_cov70	Min-8 + >=70% coverage	Top-percentile	20	IC50-only	0.0
TCGA-EB-A41A	min8_cov80	Min-8 + >=80% coverage	Top-N	10	Borda	0.0
TCGA-EB-A41A	min8_cov80	Min-8 + >=80% coverage	Top-N	20	Borda	0.0
TCGA-EB-A41A	min8_cov80	Min-8 + >=80% coverage	Top-N	50	Borda	0.0
TCGA-EB-A41A	min8_cov80	Min-8 + >=80% coverage	Top-percentile	1	Borda	0.0
TCGA-EB-A41A	min8_cov80	Min-8 + >=80% coverage	Top-percentile	5	Borda	0.0
TCGA-EB-A41A	min8_cov80	Min-8 + >=80% coverage	Top-percentile	10	Borda	0.0
TCGA-EB-A41A	min8_cov80	Min-8 + >=80% coverage	Top-percentile	20	Borda	0.0
TCGA-EB-A41A	min8_cov80	Min-8 + >=80% coverage	Top-N	10	IC50-only	0.0
TCGA-EB-A41A	min8_cov80	Min-8 + >=80% coverage	Top-N	20	IC50-only	0.0
TCGA-EB-A41A	min8_cov80	Min-8 + >=80% coverage	Top-N	50	IC50-only	0.0
TCGA-EB-A41A	min8_cov80	Min-8 + >=80% coverage	Top-percentile	1	IC50-only	0.0
TCGA-EB-A41A	min8_cov80	Min-8 + >=80% coverage	Top-percentile	5	IC50-only	0.0
TCGA-EB-A41A	min8_cov80	Min-8 + >=80% coverage	Top-percentile	10	IC50-only	0.0
TCGA-EB-A41A	min8_cov80	Min-8 + >=80% coverage	Top-percentile	20	IC50-only	0.0
